resident_id,time,x,y,z,energy,activity,memory
fern,1003.9999999991594,5.415043484912161,0.5605551610667838,0.054197944086682395,0.0,0.02207816019654274,8.0
fern,1004.499999999159,5.414824199410086,0.5599220629581522,0.05443215851634898,0.0,0.022139031440019608,8.0
fern,1004.9999999991585,5.415292034208807,0.5611653424443392,0.05409767656809077,0.0,0.0220954492688179,8.0
fern,1005.499999999158,5.414814236352755,0.5600020477757679,0.05424524891108952,0.0,0.02204705774784088,8.0
fern,1005.9999999991576,5.415216943771142,0.5613020780820113,0.054477777754753695,0.0,0.02220267802476883,8.0
fern,1006.4999999991571,5.415312791819777,0.5637505352625242,0.05452478661688885,0.0,0.02237304113805294,8.0
fern,1006.9999999991567,5.415923203509942,0.5631458307836575,0.054349063901623355,0.0,0.022338058799505234,8.0
fern,1007.4999999991562,5.41520563647664,0.5725777673637862,0.05547910102005962,0.0,0.022174101322889328,8.0
fern,1007.9999999991558,5.41464064464662,0.5788289336817211,0.05581533524591792,0.0,0.021896662190556526,8.0
fern,1008.4999999991553,5.413979470584755,0.578695227544974,0.054429850898826314,0.0,0.021788988262414932,8.0
fern,1008.9999999991549,5.413562810377557,0.5800753614696375,0.054568671125469065,0.0,0.0218757726252079,8.0
fern,1009.4999999991544,5.413639585348854,0.5784946450893987,0.05448058457678796,0.0,0.021881060674786568,8.0
fern,1009.9999999991539,5.41354487861299,0.5785481343752259,0.0543161156643821,0.0,0.02195047028362751,8.0
fern,1010.4999999991535,5.413838471975424,0.578800762991523,0.054546638579431345,0.0,0.02221040613949299,8.0
fern,1010.999999999153,5.413666101005335,0.5793747561964807,0.054535999692678576,0.0,0.022263217717409134,8.0
fern,1011.4999999991526,5.4135824363449805,0.5769729201641441,0.05475699818109718,0.0,0.021921241655945778,8.0
fern,1011.9999999991521,5.413749618421229,0.5753572199746526,0.05519114700640037,0.0,0.021849874407052994,8.0
fern,1012.4999999991517,5.413016657274472,0.5752396024660916,0.05448392946300626,0.0,0.021793261170387268,8.0
fern,1012.9999999991512,5.413467206433564,0.5746754453019378,0.05796783953850625,0.0,0.02157212793827057,8.0
fern,1013.4999999991508,5.411433065595029,0.5780840524207631,0.05374394300453363,0.0,0.021474776789546013,8.0
fern,1013.9999999991503,5.402950032826907,0.5911251079174406,0.06578895350636953,0.0,0.021817119792103767,8.0
fern,1014.4999999991498,5.384679852550161,0.6175875988947142,0.051652529116900874,0.0,0.021419603377580643,8.0
fern,1014.9999999991494,5.380506933024858,0.6253489249680844,0.054451999756000735,0.0,0.021237017586827278,8.0
fern,1015.4999999991489,5.381621796488809,0.6236984847321697,0.05476933144167978,0.0,0.022217456251382828,8.0
fern,1015.9999999991485,5.3830128725417765,0.6227862713964579,0.054604315787050176,0.0,0.02232150174677372,8.0
fern,1016.499999999148,5.392067919400897,0.6107910041603,0.055441687101038646,0.0,0.021803943440318108,8.0
fern,1016.9999999991476,5.394222375917212,0.6036037365919793,0.05635041638777181,0.0,0.021967874839901924,8.0
fern,1017.4999999991471,5.395730371956993,0.5974763344143367,0.055156501619465184,0.0,0.02188418060541153,8.0
fern,1017.9999999991467,5.397385878377829,0.5926160604588442,0.06141242444513189,0.0,0.021879026666283607,8.0
fern,1018.4999999991462,5.3953850910010015,0.5980688908262133,0.05372307833542419,0.0,0.021828634664416313,8.0
fern,1018.9999999991458,5.396152334099747,0.5968020059230056,0.05464526256005056,0.0,0.02187180519104004,8.0
fern,1019.4999999991453,5.397004735399409,0.5952538293613256,0.054375455703963,0.0,0.021780939772725105,8.0
fern,1019.9999999991448,5.396301274857649,0.5970169409991596,0.054173510659761455,0.0,0.021730544045567513,8.0
fern,1020.4999999991444,5.393929359751907,0.6018792053660231,0.05564213226518534,0.0,0.021820690482854843,8.0
fern,1020.9999999991439,5.393065605717024,0.5989778242519186,0.054843222396643986,0.0,0.022124720737338066,8.0
fern,1021.4999999991435,5.393062842579059,0.5985944095744459,0.05449766456590929,0.0,0.022167323157191277,8.0
fern,1021.999999999143,5.393259194951013,0.5973766966166129,0.053968166980331356,0.0,0.022104525938630104,8.0
fern,1022.4999999991426,5.392921710629464,0.5980252072228027,0.054369818079820255,0.0,0.022242693230509758,8.0
fern,1022.9999999991421,5.392986512914813,0.5987393315155607,0.05473221194297149,0.0,0.0223658699542284,8.0
fern,1023.4999999991417,5.393081183240048,0.5978446691119593,0.054261684291087485,0.0,0.022302009165287018,8.0
fern,1023.9999999991412,5.393219198769701,0.5918649668137553,0.05541771737919157,0.0,0.022228069603443146,8.0
fern,1024.4999999991521,5.39118951337695,0.5943056515388887,0.05447159303090316,0.0,0.02202758565545082,8.0
fern,1024.999999999163,5.391312319649402,0.594693198098429,0.05463765428208971,0.0,0.021957779303193092,8.0
fern,1025.499999999174,5.391289728784508,0.5943421408710412,0.05418020021463314,0.0,0.021749740466475487,8.0
fern,1025.9999999991849,5.389679365945568,0.6017776953944629,0.05535391585013327,0.0,0.021929113194346428,8.0
fern,1026.4999999991958,5.387806897934805,0.6096028777936644,0.0626335723939342,0.0,0.021729009225964546,8.0
fern,1026.9999999992067,5.381807072016437,0.6224884738909227,0.05548671012191605,0.0,0.021726801991462708,8.0
fern,1027.4999999992176,5.381133698032822,0.6233067487601163,0.05440228434554575,0.0,0.021995719522237778,8.0
fern,1027.9999999992285,5.3804475661516245,0.6265880387456781,0.05426530553144207,0.0,0.02209826186299324,8.0
fern,1028.4999999992394,5.380467795446596,0.6263263862967035,0.05448001165117177,0.0,0.022263143211603165,8.0
fern,1028.9999999992503,5.3801031180791625,0.6226565422647209,0.05379886392937416,0.0,0.022149022668600082,8.0
fern,1029.4999999992613,5.381328780107861,0.6170118184882818,0.0550601802960987,0.0,0.021832812577486038,8.0
fern,1029.9999999992722,5.3807989205485445,0.6162594878396729,0.05423815618991049,0.0,0.021588461473584175,8.0
fern,1030.499999999283,5.381039788937353,0.6158514269398565,0.05476382015463658,0.0,0.02142680250108242,8.0
fern,1030.999999999294,5.382342035524624,0.6133970848070052,0.05429955131647077,0.0,0.02167849987745285,8.0
fern,1031.499999999305,5.382834610799553,0.6119035171207526,0.05452383096107963,0.0,0.021789688616991043,8.0
fern,1031.9999999993158,5.384636063986219,0.6055353344084393,0.05700196954979901,0.0,0.021810702979564667,8.0
fern,1032.4999999993267,5.383610447372159,0.6066918128011676,0.05463319689433124,0.0,0.021619530394673347,8.0
fern,1032.9999999993377,5.382931543701938,0.6076119534952935,0.054243148840979374,0.0,0.0213068388402462,8.0
fern,1033.4999999993486,5.383565989459743,0.6068685579138304,0.05407826562335128,0.0,0.021322106942534447,8.0
fern,1033.9999999993595,5.3839841820141885,0.6063680345237015,0.054344035651502545,0.0,0.02147626504302025,8.0
fern,1034.4999999993704,5.3834649927952505,0.6070995831052236,0.05422022002610836,0.0,0.021514594554901123,8.0
fern,1034.9999999993813,5.382805622042579,0.6077295609249828,0.05479338573711091,0.0,0.020758092403411865,8.0
fern,1035.4999999993922,5.376981864452406,0.6125911329981526,0.05648222831358932,0.0,0.021042846143245697,8.0
fern,1035.9999999994031,5.37380257726462,0.6152896892115439,0.054287339076555724,0.0,0.02054404839873314,8.0
fern,1036.499999999414,5.374603336143774,0.6146414496072407,0.05402914371412822,0.0,0.021656153723597527,8.0
fern,1036.999999999425,5.374569679439695,0.6146217308201976,0.054187889952798385,0.0,0.02191428281366825,8.0
fern,1037.4999999994359,5.375643168978686,0.6135969283170527,0.05524371182327128,0.0,0.022337177768349648,8.0
fern,1037.9999999994468,5.377064988129511,0.6175637069373847,0.05493972388950849,0.0,0.022026268765330315,8.0
fern,1038.4999999994577,5.377397911269077,0.6179459315468541,0.05466207244533922,0.0,0.02197052538394928,8.0
fern,1038.9999999994686,5.377917223533181,0.6177065798642801,0.05469410505279402,0.0,0.02187742292881012,8.0
fern,1039.4999999994795,5.380093720227031,0.6117738578278393,0.05412577943109655,0.0,0.02186642959713936,8.0
fern,1039.9999999994905,5.380613338931013,0.6107181117487679,0.07065280801269677,0.0,0.02176668681204319,8.0
fern,1040.4999999995014,5.386517848341016,0.598219858470421,0.0503750497503613,0.0,0.02150268480181694,8.0
fern,1040.9999999995123,5.38700196616719,0.5972916345190125,0.05460879413823908,0.0,0.021594958379864693,8.0
fern,1041.4999999995232,5.382095513515591,0.6031897982136164,0.05469174635289989,0.0,0.021470271050930023,8.0
fern,1041.999999999534,5.3782790430707275,0.6070285771413934,0.054137600747312664,0.0,0.021620167419314384,8.0
fern,1042.499999999545,5.3783362400716666,0.6071125793427032,0.054214564391297286,0.0,0.021641749888658524,8.0
fern,1042.999999999556,5.378878915800368,0.6064073084901833,0.05440840041100159,0.0,0.02156960777938366,8.0
fern,1043.4999999995669,5.380300047887633,0.6052794653697293,0.0530906946373707,0.0,0.02182948589324951,8.0
fern,1043.9999999995778,5.381219215869981,0.6018503247601745,0.05383907646392995,0.0,0.02208169363439083,8.0
fern,1044.4999999995887,5.381083952525656,0.6054099191422682,0.054746148651087546,0.0,0.02217997796833515,8.0
fern,1044.9999999995996,5.380643669759377,0.6179136013232722,0.05722640145212312,0.0,0.022042490541934967,8.0
fern,1045.4999999996105,5.376879551708691,0.6339729014805559,0.05657924134296608,0.0,0.021407589316368103,8.0
fern,1045.9999999996214,5.372071433493146,0.6386852497180779,0.054046513850700785,0.0,0.02139468863606453,8.0
fern,1046.4999999996323,5.372171881854941,0.6386212390057239,0.05439271807837506,0.0,0.021269772201776505,8.0
fern,1046.9999999996433,5.372257373789726,0.6386099845030544,0.05402938249899918,0.0,0.021059153601527214,8.0
fern,1047.4999999996542,5.372550471078527,0.6381167863983468,0.0539203918555321,0.0,0.02111811377108097,8.0
fern,1047.999999999665,5.372411910773966,0.6382632936092303,0.05395315649978,0.0,0.021023552864789963,8.0
fern,1048.499999999676,5.37419510644669,0.6359923586029321,0.05435493109228366,0.0,0.020830918103456497,8.0
fern,1048.999999999687,5.375593128260458,0.6344884030725303,0.054613011144083644,0.0,0.021053245291113853,8.0
fern,1049.4999999996978,5.374873693559799,0.635816872879836,0.054821727662241845,0.0,0.02151050977408886,8.0
fern,1049.9999999997087,5.381992939383623,0.6291301831984952,0.05463496284501589,0.0,0.021656950935721397,8.0
fern,1050.4999999997196,5.381296188477807,0.6306536751852841,0.05471679245271299,0.0,0.0213059913367033,8.0
fern,1050.9999999997306,5.379229028963138,0.6333088301447637,0.05435883699186323,0.0,0.021019168198108673,8.0
fern,1051.4999999997415,5.383612301070683,0.6313709369240269,0.05528818190689515,0.0,0.019106969237327576,8.0
fern,1051.9999999997524,5.3899921728766,0.6298694514679153,0.05507711430997603,0.0,0.021369146183133125,8.0
fern,1052.4999999997633,5.3934910316910525,0.6291001045970338,0.05464941034147576,0.0,0.015753110870718956,8.0
fern,1052.9999999997742,5.394815418869034,0.6290133913323054,0.07431318302994494,0.0,0.01834145374596119,8.0
fern,1053.4999999997851,5.40150437471817,0.6293051717102174,0.0547564228793788,0.0,0.020245607942342758,8.0
fern,1053.999999999796,5.40451579489199,0.6292516934196051,0.05437769704924586,0.0,0.021564459428191185,8.0
fern,1054.499999999807,5.405548199154347,0.6291350934110795,0.054164289155733306,0.0,0.016530290246009827,8.0
fern,1054.9999999998179,5.404941212812158,0.6291835298115174,0.0544987972275454,0.0,0.020927470177412033,8.0
fern,1055.4999999998288,5.409173294327924,0.6288593857027618,0.05455363690265424,0.0,0.021614911034703255,8.0
fern,1055.9999999998397,5.408718728768863,0.6290096438931144,0.05412877925871453,0.0,0.018778463825583458,8.0
fern,1056.4999999998506,5.4097859491376,0.6289531045641632,0.05427714741831854,0.0,0.02128918282687664,8.0
fern,1056.9999999998615,5.411920961667627,0.6287222419252179,0.05501505118635606,0.0,0.017399510368704796,8.0
fern,1057.4999999998724,5.413267795594354,0.6284013295365541,0.054713092634927234,0.0,0.0206244308501482,8.0
fern,1057.9999999998834,5.411233076093779,0.6286806438328303,0.05466314482311058,0.0,0.017291154712438583,8.0
fern,1058.4999999998943,5.4117604541460835,0.6285780197997042,0.054457353874458124,0.0,0.01474772673100233,8.0
fern,1058.9999999999052,5.411661083584528,0.628629941713392,0.054615763813621376,0.0,0.02118781767785549,8.0
fern,1059.499999999916,5.41171994469203,0.6286441240768785,0.05455048750697108,0.0,0.013864525593817234,8.0
fern,1059.999999999927,5.4120359498911315,0.6284248621800618,0.05409900034237807,0.0,0.01773068867623806,8.0
fern,1060.499999999938,5.41102375418996,0.6288623060269832,0.0542287435049224,0.0,0.020726019516587257,8.0
fern,1060.9999999999488,5.399991939672849,0.6339894834623758,0.05614169305740113,0.0,0.015905141830444336,8.0
fern,1061.4999999999598,5.399170723498358,0.636266352388327,0.05536127766367646,0.0,0.021595608443021774,8.0
fern,1061.9999999999707,5.399349878009102,0.6369554203350726,0.05476487175551934,0.0,0.022167697548866272,8.0
fern,1062.4999999999816,5.401247816731754,0.6375442377210335,0.05441395770419775,0.0,0.019462402909994125,8.0
fern,1062.9999999999925,5.4012891028872545,0.6375699963455858,0.054356295740975474,0.0,0.021270697936415672,8.0
fern,1063.5000000000034,5.400793855460728,0.6374956774762698,0.05385738465292629,0.0,0.01589362323284149,8.0
fern,1064.0000000000143,5.400469539711355,0.6374365645776955,0.05411239338015966,0.0,0.018983475863933563,8.0
fern,1064.5000000000252,5.40009598275079,0.637382368475214,0.05436484654994602,0.0,0.018684547394514084,8.0
fern,1065.0000000000362,5.402771453863743,0.6380962698080651,0.05481508223922344,0.0,0.020598892122507095,8.0
fern,1065.500000000047,5.404629627001039,0.6384365009067424,0.055077316927707176,0.0,0.02064412459731102,8.0
fern,1066.000000000058,5.400539722111188,0.6370954063193021,0.05474077674641625,0.0,0.020187588408589363,8.0
fern,1066.500000000069,5.379482585202925,0.6288225081569797,0.05654153769241424,0.0,0.02212083712220192,8.0
fern,1067.0000000000798,5.335109853925863,0.6170282263156786,0.05702889437423413,0.0,0.019956344738602638,8.0
fern,1067.5000000000907,5.327937813722899,0.6159740614642557,0.05562636739733987,0.0,0.02113882265985012,8.0
fern,1068.0000000001016,5.3432537594760205,0.6037887686971648,0.07300567060224396,0.0,0.020879235118627548,8.0
fern,1068.5000000001125,5.347289181393455,0.6005256674457461,0.054979785726748776,0.0,0.021500904113054276,8.0
fern,1069.0000000001235,5.351348745139896,0.5942740977312876,0.05572601068971855,0.0,0.02164914831519127,8.0
fern,1069.5000000001344,5.353458148400267,0.589694360533366,0.05521025556858568,0.0,0.021600235253572464,8.0
fern,1070.0000000001453,5.351396768165465,0.5909437709137758,0.05436623802708307,0.0,0.02146328054368496,8.0
fern,1070.5000000001562,5.354249366796304,0.5863721892278096,0.05458771430524766,0.0,0.020985880866646767,8.0
fern,1071.0000000001671,5.353637774689272,0.5866961150564476,0.054267067345278815,0.0,0.021078310906887054,8.0
fern,1071.500000000178,5.353622529716136,0.5866957806072681,0.05422285411479138,0.0,0.019234320148825645,8.0
fern,1072.000000000189,5.353273742562211,0.5868496990625462,0.054369274593621134,0.0,0.021039878949522972,8.0
fern,1072.5000000001999,5.354410902734341,0.5863336658601646,0.05445768690961697,0.0,0.018628085032105446,8.0
fern,1073.0000000002108,5.36286575158433,0.581961695638162,0.05560078802921217,0.0,0.02110331878066063,8.0
fern,1073.5000000002217,5.3579941443168115,0.5819732564088953,0.05446273306507758,0.0,0.018419578671455383,8.0
fern,1074.0000000002326,5.354488444059699,0.5829717261895704,0.05512393547821589,0.0,0.018420996144413948,8.0
fern,1074.5000000002435,5.3582949283261065,0.5837804532209474,0.054370598632677895,0.0,0.018159886822104454,8.0
fern,1075.0000000002544,5.3687761586730725,0.5855059005577372,0.05530474420282742,0.0,0.01911141164600849,8.0
fern,1075.5000000002653,5.365293984574217,0.5829900539842039,0.05438307234971073,0.0,0.01974647305905819,8.0
fern,1076.0000000002763,5.365725527033662,0.58324416558106,0.05409758800771702,0.0,0.020036103203892708,8.0
fern,1076.5000000002872,5.366130167355118,0.5835045834965419,0.05434569487954063,0.0,0.021498674526810646,8.0
fern,1077.000000000298,5.366390849070458,0.5836547329477374,0.054596492184606264,0.0,0.020003242418169975,8.0
fern,1077.500000000309,5.365905765771409,0.5832915816977068,0.05436779237528764,0.0,0.020304707810282707,8.0
fern,1078.00000000032,5.36394056535016,0.582573223696812,0.061415406970048464,0.0,0.021084489300847054,8.0
fern,1078.5000000003308,5.3563052254542995,0.5765221830839496,0.05493505814297204,0.0,0.020503394305706024,8.0
fern,1079.0000000003417,5.357182623644611,0.5781179927806464,0.054227459584064185,0.0,0.017529770731925964,8.0
fern,1079.5000000003527,5.356918077721888,0.578027798742342,0.05466646122364556,0.0,0.014999917708337307,8.0
fern,1080.0000000003636,5.351813414036822,0.5737470905419659,0.05467783953843139,0.0,0.01979566179215908,8.0
fern,1080.5000000003745,5.350131243566345,0.5708325958956156,0.05335031254645525,0.0,0.020494885742664337,8.0
fern,1081.0000000003854,5.350441535174137,0.5757002459852466,0.05474584764936949,0.0,0.020892798900604248,8.0
fern,1081.5000000003963,5.350566024395948,0.5757923241981778,0.05400708265577028,0.0,0.01781615987420082,8.0
fern,1082.0000000004072,5.352138439444379,0.5792568881679844,0.05502779033087872,0.0,0.01793025992810726,8.0
fern,1082.5000000004181,5.352367880726771,0.5797437063465556,0.05450613711798592,0.0,0.01701001636683941,8.0
fern,1083.000000000429,5.352392262696126,0.5803116651672837,0.05472039582866772,0.0,0.017770593985915184,8.0
fern,1083.50000000044,5.352116784129562,0.5748480643304724,0.05472299998558725,0.0,0.020895646885037422,8.0
fern,1084.0000000004509,5.3519844725114405,0.5642920724929247,0.05139465476725167,0.0,0.0134296715259552,8.0
fern,1084.5000000004618,5.3491470753849875,0.5719893266069843,0.056653986252157444,0.0,0.017239779233932495,8.0
fern,1085.0000000004727,5.3500423520373435,0.5710509880360861,0.05399299525222243,0.0,0.0195313710719347,8.0
fern,1085.5000000004836,5.367763854656191,0.5458505259047177,0.05369779139611643,0.0,0.01859472319483757,8.0
fern,1086.0000000004945,5.374794843080732,0.5346704977150725,0.05471056977778346,0.0,0.01989349164068699,8.0
fern,1086.5000000005055,5.372916464900519,0.5352208164187837,0.0626806482322363,0.0,0.020195676013827324,8.0
fern,1087.0000000005164,5.363420836165108,0.5397515721549822,0.055342842632851,0.0,0.020466893911361694,8.0
fern,1087.5000000005273,5.363855859843975,0.5386492403438599,0.053307370643617444,0.0,0.021863073110580444,8.0
fern,1088.0000000005382,5.380235212742528,0.5290852269003861,0.055851481837204106,0.0,0.021132580935955048,8.0
fern,1088.500000000549,5.389867220884646,0.5240294226017386,0.05229933412442167,0.0,0.021002594381570816,8.0
fern,1089.00000000056,5.3872650462027405,0.524663855878483,0.05504502087774231,0.0,0.02082418091595173,8.0
fern,1089.500000000571,5.383240512788583,0.5257912152456813,0.054531788340434546,0.0,0.0184901375323534,8.0
fern,1090.0000000005818,5.381407026671536,0.5266340783286528,0.05448287418864217,0.0,0.020846694707870483,8.0
fern,1090.5000000005928,5.392498856268881,0.523590682709369,0.05533959972199735,0.0,0.018060898408293724,8.0
fern,1091.0000000006037,5.388548806992234,0.5243955177679119,0.05454010939184607,0.0,0.02120986022055149,8.0
fern,1091.5000000006146,5.387578700578442,0.5246539900100118,0.054373833332596995,0.0,0.02062893472611904,8.0
fern,1092.0000000006255,5.3873445605035295,0.5246879252042379,0.05442937056089031,0.0,0.021136023104190826,8.0
fern,1092.5000000006364,5.386913579386587,0.5243147866916222,0.0545507417891658,0.0,0.0208108089864254,8.0
fern,1093.0000000006473,5.383545967335027,0.5250180289335534,0.054957282075577735,0.0,0.01917220838367939,8.0
fern,1093.5000000006582,5.383425400207529,0.5248375780441302,0.05485605878511018,0.0,0.020882345736026764,8.0
fern,1094.0000000006692,5.385254115161899,0.5242980145629186,0.05462438946007103,0.0,0.020922133699059486,8.0
fern,1094.50000000068,5.380500300900296,0.5258066474939719,0.05460031307117684,0.0,0.020914336666464806,8.0
fern,1095.000000000691,5.35426842514117,0.5340585705464213,0.06482418992027343,0.0,0.018848467618227005,8.0
fern,1095.500000000702,5.329176936880439,0.5404057081754268,0.06119853814948801,0.0,0.017413051798939705,8.0
fern,1096.0000000007128,5.326633151482776,0.5402682998903231,0.055327249834947245,0.0,0.022480029612779617,8.0
fern,1096.5000000007237,5.320461390860873,0.5398031136429463,0.05444530073350156,0.0,0.021957263350486755,8.0
fern,1097.0000000007346,5.322384055344955,0.5395317262368752,0.054588688221779695,0.0,0.019104106351733208,8.0
fern,1097.5000000007456,5.320913973513579,0.5395090050075912,0.054296270529047126,0.0,0.01595628261566162,8.0
fern,1098.0000000007565,5.320344253888907,0.5394626029672216,0.05441900117387345,0.0,0.02015434205532074,8.0
fern,1098.5000000007674,5.320269518887496,0.5395657860393903,0.05921274449637657,0.0,0.01649259217083454,8.0
fern,1099.0000000007783,5.3138676751551,0.5404885729879809,0.054420373892113634,0.0,0.021826501935720444,8.0
fern,1099.5000000007892,5.30100593552152,0.543303165572572,0.054018452534303346,0.0,0.020983528345823288,8.0
fern,1100.0000000008001,5.298592418731608,0.5442462867686118,0.05476161828288736,0.0,0.022370366379618645,8.0
fern,1100.500000000811,5.299529943571827,0.54352585387389,0.05455780196621557,0.0,0.021165089681744576,8.0
fern,1101.000000000822,5.301443945775827,0.542293281986113,0.05480014470071451,0.0,0.021077070385217667,8.0
fern,1101.5000000008329,5.301280875713299,0.5425018253050158,0.0542383945847436,0.0,0.020905017852783203,8.0
fern,1102.0000000008438,5.314563994215146,0.5340288698285264,0.05857613114559597,0.0,0.02101808600127697,8.0
fern,1102.5000000008547,5.328684592320689,0.5248245110649628,0.055218596040546936,0.0,0.020779704675078392,8.0
fern,1103.0000000008656,5.325959852417193,0.5257585399508916,0.0544278622522266,0.0,0.021213069558143616,8.0
fern,1103.5000000008765,5.326616375875581,0.5252100576064367,0.05469008370181962,0.0,0.022070595994591713,8.0
fern,1104.0000000008874,5.325568320617212,0.5252319760943046,0.05424424406890837,0.0,0.021538110449910164,8.0
fern,1104.5000000008984,5.326387620886102,0.5251164762300423,0.05439482280252503,0.0,0.021840037778019905,8.0
fern,1105.0000000009093,5.323045942102018,0.5256542103575618,0.05346440189197549,0.0,0.021704116836190224,8.0
fern,1105.5000000009202,5.3260799742638,0.5274359096613641,0.054763619348713384,0.0,0.019046256318688393,8.0
fern,1106.000000000931,5.3271556990162505,0.5277081773260643,0.054977632024337426,0.0,0.019578998908400536,8.0
fern,1106.500000000942,5.3350103638543125,0.5291707441253913,0.05522428981852068,0.0,0.02059914544224739,8.0
fern,1107.000000000953,5.333195186579258,0.528076476412001,0.05447067006443405,0.0,0.02110399305820465,8.0
fern,1107.5000000009638,5.332402209709729,0.5274578072376456,0.054381682226759355,0.0,0.02098485454916954,8.0
fern,1108.0000000009748,5.331945952576417,0.5272038195912262,0.054443243531908464,0.0,0.02089226245880127,8.0
fern,1108.5000000009857,5.3323429949269165,0.5275687512857382,0.05412831338084717,0.0,0.021314268931746483,8.0
fern,1109.0000000009966,5.333034360244749,0.5279416000649152,0.05437670999005819,0.0,0.02138359844684601,8.0
fern,1109.5000000010075,5.332490506252832,0.527582583928662,0.054265889619085045,0.0,0.02196691930294037,8.0
fern,1110.0000000010184,5.33170500325373,0.5270782574927853,0.05454250148230175,0.0,0.021938472986221313,8.0
fern,1110.5000000010293,5.329268432127119,0.5242175241781541,0.054723182371671016,0.0,0.022119417786598206,8.0
fern,1111.0000000010402,5.330294668963109,0.5260954467461672,0.054483278983817766,0.0,0.02230951189994812,8.0
fern,1111.5000000010511,5.332693139150348,0.5304888245640726,0.06508748371572445,0.0,0.02254376746714115,8.0
fern,1112.000000001062,5.331044679071918,0.5508652982700863,0.05643423533949939,0.0,0.02236826717853546,8.0
fern,1112.500000001073,5.326115410021441,0.5773078818099728,0.057189771227872215,0.0,0.0223151296377182,8.0
fern,1113.000000001084,5.326003736042334,0.5788272260696175,0.05424003628005679,0.0,0.02226245403289795,8.0
fern,1113.5000000010948,5.325803760369068,0.5798614487339147,0.05437376343819225,0.0,0.02207176759839058,8.0
fern,1114.0000000011057,5.324503775382292,0.5848713504527537,0.0547839714376268,0.0,0.021966319531202316,8.0
fern,1114.5000000011166,5.324717260291688,0.5849911382336154,0.05673138248754888,0.0,0.02123621664941311,8.0
fern,1115.0000000011275,5.318242239592882,0.5901351006282464,0.05850663021752424,0.0,0.02058623731136322,8.0
fern,1115.5000000011385,5.313072620194656,0.5943400876204495,0.05536238005789158,0.0,0.01999731734395027,8.0
fern,1116.0000000011494,5.314648733842609,0.5936444742761557,0.05474374314868232,0.0,0.01979397051036358,8.0
fern,1116.5000000011603,5.313150307140906,0.5941217574615241,0.05529653257402921,0.0,0.020008061081171036,8.0
fern,1117.0000000011712,5.31821928065008,0.5894527467959592,0.05443468453043067,0.0,0.020701387897133827,8.0
fern,1117.5000000011821,5.321905615144589,0.5860703961895724,0.054623226639294,0.0,0.020776649937033653,8.0
fern,1118.000000001193,5.319621356113719,0.587727903238214,0.05435646055709068,0.0,0.020005712285637856,8.0
fern,1118.500000001204,5.319007887364507,0.587924365091343,0.05418491566149442,0.0,0.018411995843052864,8.0
fern,1119.0000000012149,5.319099226997056,0.5878919449026654,0.05424937742759764,0.0,0.01822725124657154,8.0
fern,1119.5000000012258,5.321157196142272,0.5871646158578124,0.0549285935339821,0.0,0.01967610977590084,8.0
fern,1120.0000000012367,5.315307400328487,0.5898295838264624,0.05465678653406274,0.0,0.021787114441394806,8.0
fern,1120.5000000012476,5.316922960044187,0.5898365426155888,0.05470264435938979,0.0,0.02105402946472168,8.0
fern,1121.0000000012585,5.329660093351647,0.5900118013238662,0.05515859559190854,0.0,0.015948697924613953,8.0
fern,1121.5000000012694,5.329116749475168,0.5905500228394297,0.05444985518581145,0.0,0.01921776682138443,8.0
fern,1122.0000000012803,5.329559814314537,0.5903466012093885,0.05452107335713803,0.0,0.02149203047156334,8.0
fern,1122.5000000012913,5.335717158951665,0.5879618878824062,0.05519134875013711,0.0,0.021551964804530144,8.0
fern,1123.0000000013022,5.3337076854107,0.586374321143071,0.05453007883598409,0.0,0.020862257108092308,8.0
fern,1123.500000001313,5.341798862370812,0.58782135801465,0.05543716711342912,0.0,0.019325388595461845,8.0
fern,1124.000000001324,5.337354594103943,0.5873346319168763,0.05426273261265097,0.0,0.02113298699259758,8.0
fern,1124.500000001335,5.337211076710795,0.5874615977949523,0.05449345374828633,0.0,0.01972929947078228,8.0
fern,1125.0000000013458,5.339605914090648,0.5885429454214107,0.05485182598680581,0.0,0.01398656889796257,8.0
fern,1125.5000000013567,5.34805947904165,0.5867039884618837,0.05980657279235778,0.0,0.020248662680387497,8.0
fern,1126.0000000013677,5.339849817957966,0.5972366696691318,0.0563846071359123,0.0,0.021722102537751198,8.0
fern,1126.5000000013786,5.338035898577756,0.5989751070544483,0.054587019948634595,0.0,0.02216295339167118,8.0
fern,1127.0000000013895,5.338148032053514,0.5988620665277001,0.05414017338772017,0.0,0.022186212241649628,8.0
fern,1127.5000000014004,5.338196440001239,0.5985982536865387,0.05408934097655828,0.0,0.022146180272102356,8.0
fern,1128.0000000014113,5.337550841804561,0.5999605150742653,0.05412947926699932,0.0,0.022146761417388916,8.0
fern,1128.5000000014222,5.337391191920096,0.6007465477737505,0.054506542932143034,0.0,0.022092506289482117,8.0
fern,1129.0000000014331,5.3362873571456655,0.6040977937939278,0.05490090951790867,0.0,0.021857725456357002,8.0
fern,1129.500000001444,5.335538630542082,0.6087289823309272,0.054747987804280696,0.0,0.021124834194779396,8.0
fern,1130.000000001455,5.336074915720226,0.6086574187254663,0.05445807846206949,0.0,0.020042061805725098,8.0
fern,1130.5000000014659,5.336168374267749,0.6085746488858738,0.05378883502718623,0.0,0.02135356515645981,8.0
fern,1131.0000000014768,5.336120393066458,0.6086082623495718,0.054159835198076704,0.0,0.02117728628218174,8.0
fern,1131.5000000014877,5.34008990567522,0.6058350593515002,0.05519451359566561,0.0,0.020653512328863144,8.0
fern,1132.0000000014986,5.3379583127384596,0.6076560755336392,0.054480956670284054,0.0,0.02190035954117775,8.0
fern,1132.5000000015095,5.3376684376036,0.6077806644496522,0.054377688777461526,0.0,0.021143224090337753,8.0
fern,1133.0000000015204,5.338601628472666,0.6070802333401994,0.054521555830284694,0.0,0.02115839160978794,8.0
fern,1133.5000000015314,5.337535035985216,0.6083764939923229,0.05441109317697071,0.0,0.021387960761785507,8.0
fern,1134.0000000015423,5.337194227853386,0.6084603789220289,0.054301938962265414,0.0,0.02142345905303955,8.0
fern,1134.5000000015532,5.335499972966718,0.6108797436818513,0.05469885465468104,0.0,0.021849889308214188,8.0
fern,1135.000000001564,5.330832891529597,0.6161897415796453,0.05432287869374902,0.0,0.021839771419763565,8.0
fern,1135.500000001575,5.331140251012794,0.6157181964973643,0.05471586277084877,0.0,0.021821241825819016,8.0
fern,1136.000000001586,5.333383226565727,0.6117899855889003,0.05752242186281823,0.0,0.021722668781876564,8.0
fern,1136.5000000015968,5.330144092778916,0.6176070805449413,0.05498556070740976,0.0,0.022267179563641548,8.0
fern,1137.0000000016078,5.328757844280398,0.6331330775627602,0.0534946149070479,0.0,0.02218848094344139,8.0
fern,1137.5000000016187,5.3266874821232975,0.6297953926784206,0.054504206733532914,0.0,0.022372135892510414,8.0
fern,1138.0000000016296,5.327945594592411,0.6317217442946164,0.054720775699214935,0.0,0.022074732929468155,8.0
fern,1138.5000000016405,5.327154943330422,0.6305260114688114,0.05459761186263527,0.0,0.02202763222157955,8.0
fern,1139.0000000016514,5.326081412875106,0.6289151556344792,0.054757935996034755,0.0,0.022080061957240105,8.0
fern,1139.5000000016623,5.3277534906108315,0.6298264018446507,0.05454601225668361,0.0,0.0220229160040617,8.0
fern,1140.0000000016732,5.327204297848409,0.6293049278950005,0.05444695253924318,0.0,0.021794447675347328,8.0
fern,1140.5000000016842,5.327259431609356,0.6291926428273018,0.05423238418212246,0.0,0.022332068532705307,8.0
fern,1141.000000001695,5.327445407188962,0.6295391566142483,0.05440447312802069,0.0,0.0224669948220253,8.0
fern,1141.500000001706,5.3307837553123445,0.6362239826599774,0.05455334778216855,0.0,0.022413190454244614,9.0
fern,1142.000000001717,5.330071078221962,0.6349381228057316,0.05455533548014664,0.0,0.022691160440444946,9.0
fern,1142.5000000017278,5.331673789947803,0.6386038624152794,0.0547118702502797,0.0,0.022405117750167847,9.0
fern,1143.0000000017387,5.333891813326593,0.6432747453701467,0.06099966939766995,0.0,0.02209271490573883,9.0
fern,1143.5000000017496,5.339449332909989,0.6519461289017267,0.07100402820527328,0.0,0.02196653187274933,9.0
fern,1144.0000000017606,5.343015976371878,0.6560594671372086,0.05470021287054426,0.0,0.021894726902246475,9.0
fern,1144.5000000017715,5.342138147197503,0.6557952812336699,0.05453355339251406,0.0,0.022106768563389778,9.0
fern,1145.0000000017824,5.342784773188831,0.6577487257528637,0.05459423048377076,0.0,0.022276515141129494,9.0
fern,1145.5000000017933,5.345437252863976,0.6639358705425787,0.05443187779897564,0.0,0.022458717226982117,9.0
fern,1146.0000000018042,5.345440461996308,0.66364864634993,0.05459912121839366,0.0,0.022510142996907234,9.0
fern,1146.5000000018151,5.345355077603297,0.6623346053091108,0.06055168860934195,0.0,0.022201189771294594,9.0
fern,1147.000000001826,5.3456347103107,0.6660102730440728,0.054503918115500864,0.0,0.022348931059241295,9.0
fern,1147.500000001837,5.3455806741960386,0.6636746550443984,0.054412228200007885,0.0,0.02231517620384693,9.0
fern,1148.0000000018479,5.345111206270156,0.6658090191610997,0.05428880723059233,0.0,0.02229100838303566,9.0
fern,1148.5000000018588,5.345438835553666,0.6647676093581811,0.05433152512853737,0.0,0.022264109924435616,9.0
fern,1149.0000000018697,5.344432798515561,0.6654902973188457,0.05455519478694828,0.0,0.022020412608981133,9.0
fern,1149.5000000018806,5.3449149511893115,0.6647128956060453,0.05477329751479721,0.0,0.021860893815755844,9.0
fern,1150.0000000018915,5.343923222510919,0.6673247570823633,0.054029080601370884,0.0,0.021824562922120094,9.0
fern,1150.5000000019024,5.342291218471204,0.6717132344322558,0.05898388679623937,0.0,0.022045394405722618,9.0
fern,1151.0000000019133,5.339612797452747,0.6841525978934145,0.05742022061890342,0.0,0.02214873768389225,9.0
fern,1151.5000000019243,5.333899079829158,0.6700928937041605,0.05938528813744892,0.0,0.022027671337127686,9.0
fern,1152.0000000019352,5.329874208439968,0.6436015390840889,0.06829740701969993,0.0,0.022345058619976044,9.0
fern,1152.500000001946,5.328838634870381,0.6384096251854927,0.05463931455365343,0.0,0.021719522774219513,9.0
fern,1153.000000001957,5.3287895924486515,0.6385050622235553,0.054362494775836046,0.0,0.02152981609106064,9.0
fern,1153.500000001968,5.326247083798636,0.643891897353947,0.0550946890082018,0.0,0.02162807807326317,9.0
fern,1154.0000000019788,5.327471525682892,0.6408352471860065,0.054620659625812765,0.0,0.020487207919359207,9.0
fern,1154.5000000019897,5.326072679480217,0.6421726679909381,0.054812221246956665,0.0,0.02065093070268631,9.0
fern,1155.0000000020007,5.328323473651698,0.6407575248486522,0.054634497765175864,0.0,0.019366271793842316,9.0
fern,1155.5000000020116,5.319265952347496,0.646011108650734,0.054866173295014496,0.0,0.01993749290704727,9.0
fern,1156.0000000020225,5.321009927408778,0.6448611529504138,0.054035737885019364,0.0,0.020332345739006996,9.0
fern,1156.5000000020334,5.321304291184282,0.6446688408281577,0.0541292999083789,0.0,0.019948353990912437,9.0
fern,1157.0000000020443,5.320237348150489,0.6458035288608037,0.054471623976010866,0.0,0.02137989178299904,9.0
fern,1157.5000000020552,5.320930715700612,0.645349014184411,0.05444982199265696,0.0,0.021394461393356323,9.0
fern,1158.0000000020661,5.325632961178273,0.6442794202991483,0.0573617465546782,0.0,0.013259879313409328,9.0
fern,1158.500000002077,5.344144604419824,0.6479884909801122,0.057356620232368274,0.0,0.01922794058918953,9.0
fern,1159.000000002088,5.353580818607785,0.6539026911480095,0.05610092567252106,0.0,0.021423697471618652,9.0
fern,1159.500000002099,5.365592925454407,0.6616089559815137,0.05539484020041132,0.0,0.021681470796465874,9.0
fern,1160.0000000021098,5.366143214516274,0.6622078951502762,0.05472980378779063,0.0,0.018633605912327766,9.0
fern,1160.5000000021207,5.36458046016921,0.6622707003556637,0.05425444257149277,0.0,0.02149544283747673,9.0
fern,1161.0000000021316,5.365833004745503,0.6618587349359342,0.05435765266366157,0.0,0.018067939206957817,9.0
fern,1161.5000000021425,5.367994605412732,0.6621672975009533,0.05470339824702348,0.0,0.02127736434340477,9.0
fern,1162.0000000021535,5.367913636472426,0.6619908649664392,0.0545975487759431,0.0,0.021673090755939484,9.0
fern,1162.5000000021644,5.364733082183563,0.661117271138675,0.054822752363075364,0.0,0.01814565435051918,9.0
fern,1163.0000000021753,5.3645157497994,0.6610621339396604,0.05439485032455795,0.0,0.018229780718684196,9.0
fern,1163.5000000021862,5.364183189860609,0.6609852423420112,0.0543104270511076,0.0,0.014404414221644402,9.0
fern,1164.000000002197,5.365694724000286,0.6609709437499326,0.05423919278735918,0.0,0.020128311589360237,9.0
fern,1164.500000002208,5.36399926713308,0.6609568893307093,0.054581844583007036,0.0,0.01590178906917572,9.0
fern,1165.000000002219,5.3569805188977515,0.660774780969692,0.05447264019639615,0.0,0.015377013944089413,9.0
fern,1165.5000000022299,5.354454439550122,0.6604178655478707,0.05447925300384218,0.0,0.015508539974689484,9.0
fern,1166.0000000022408,5.354927571494791,0.6604652421833802,0.05430424469600926,0.0,0.021062156185507774,9.0
fern,1166.5000000022517,5.355270688190851,0.6603565536100235,0.05436187634545548,0.0,0.019127093255519867,9.0
fern,1167.0000000022626,5.356080265491261,0.6601535756198531,0.05422958477067751,0.0,0.0169314406812191,9.0
fern,1167.5000000022735,5.355593154683743,0.6600906797157907,0.0543251007756192,0.0,0.02077195793390274,9.0
fern,1168.0000000022844,5.355689691031254,0.6600793793628712,0.05467124549867285,0.0,0.016804611310362816,9.0
fern,1168.5000000022953,5.355859137284488,0.6600756902699909,0.05437796379444763,0.0,0.019969923421740532,9.0
fern,1169.0000000023063,5.346603638628773,0.6604200398516565,0.05446225811570979,0.0,0.020490212365984917,9.0
fern,1169.5000000023172,5.333320124898622,0.6607184784598068,0.055085121532794955,0.0,0.017480269074440002,9.0
fern,1170.000000002328,5.340381894891058,0.6610258197569077,0.05457387970448197,0.0,0.020157955586910248,9.0
fern,1170.500000002339,5.33837650645359,0.6608945207462135,0.05430831411665737,0.0,0.020357578992843628,9.0
fern,1171.00000000235,5.337455947486763,0.6607141318805597,0.054477270510147946,0.0,0.019405299797654152,9.0
fern,1171.5000000023608,5.338174196350991,0.6609261468072275,0.054506151813687564,0.0,0.020145829766988754,9.0
fern,1172.0000000023717,5.3370190335332754,0.6605952686878745,0.05448266797861739,0.0,0.02123885601758957,9.0
fern,1172.5000000023826,5.335968564979666,0.6595411646891152,0.05489384214874006,0.0,0.0218444112688303,9.0
fern,1173.0000000023936,5.3368485158838945,0.6597354841722971,0.054327695305170974,0.0,0.021485239267349243,9.0
fern,1173.5000000024045,5.336575562681625,0.6597114509123483,0.05433990992910426,0.0,0.021574996411800385,9.0
fern,1174.0000000024154,5.338045581315152,0.6600321849844331,0.0544014530998537,0.0,0.017879124730825424,9.0
fern,1174.5000000024263,5.337799403842897,0.6597872811436125,0.05443698873133839,0.0,0.02033418044447899,9.0
fern,1175.0000000024372,5.340506393976008,0.6602723392576898,0.054783071524038114,0.0,0.020419524982571602,9.0
fern,1175.5000000024481,5.34794615457143,0.6639281749424877,0.05404877354636065,0.0,0.020931126549839973,9.0
fern,1176.000000002459,5.344910438810728,0.6622267515390947,0.05479148336671395,0.0,0.019714869558811188,9.0
fern,1176.50000000247,5.3346646569051375,0.6558084596109776,0.05456587665200823,0.0,0.02095223031938076,9.0
fern,1177.0000000024809,5.3344683995143125,0.6541905189057576,0.05464220699045066,0.0,0.020853880792856216,9.0
fern,1177.5000000024918,5.332843881995909,0.6534805376539707,0.05478592244938598,0.0,0.020438099279999733,9.0
fern,1178.0000000025027,5.333520954730788,0.6534829894409195,0.05460137418533114,0.0,0.02117329277098179,9.0
fern,1178.5000000025136,5.333885378684111,0.6535863818823404,0.05443008156851791,0.0,0.02172061800956726,9.0
fern,1179.0000000025245,5.3333720527462045,0.6534643478012805,0.05463319822926983,0.0,0.020478518679738045,9.0
fern,1179.5000000025354,5.328265400351127,0.6533270388818068,0.054996186933389236,0.0,0.021402109414339066,9.0
fern,1180.0000000025464,5.328307592756819,0.6537577039797018,0.05458243927644005,0.0,0.02083984762430191,9.0
fern,1180.5000000025573,5.326910004349482,0.6541866801707336,0.054287541160056144,0.0,0.020020993426442146,9.0
fern,1181.0000000025682,5.327452509133004,0.6547328946046368,0.05440011723770897,0.0,0.018015364184975624,9.0
fern,1181.500000002579,5.329817825181068,0.654818425668465,0.054202886645443836,0.0,0.021622590720653534,9.0
fern,1182.00000000259,5.33029478038625,0.655401593881364,0.05423506611388086,0.0,0.019650019705295563,9.0
fern,1182.500000002601,5.329737751767294,0.6543654668904947,0.05426654280350507,0.0,0.017389090731739998,9.0
fern,1183.0000000026118,5.330001188732347,0.6546382919710999,0.05407596477459031,0.0,0.020590417087078094,9.0
fern,1183.5000000026228,5.329101556164707,0.6529812687455908,0.054495650281512646,0.0,0.01847555860877037,9.0
mica,1003.9999999991594,2.888836929763437,3.0430997121363914,0.05430602993437984,0.0,0.011271819472312927,7.0
mica,1004.499999999159,2.887515899986517,3.0414975056528935,0.0544481965131348,0.0,0.011343145743012428,7.0
mica,1004.9999999991585,2.885463971389485,3.041228278081715,0.05427208652411137,0.0,0.011099245399236679,7.0
mica,1005.499999999158,2.8866031374042316,3.04429323606144,0.054741705456105745,0.0,0.01140944566577673,7.0
mica,1005.9999999991576,2.886366296932352,3.0426272754416526,0.05436400809960552,0.0,0.010902625508606434,7.0
mica,1006.4999999991571,2.886729998832505,3.0430478719193115,0.05418001480262036,0.0,0.0100341085344553,7.0
mica,1006.9999999991567,2.886305025619844,3.0463896529063073,0.05494680873580022,0.0,0.017503511160612106,7.0
mica,1007.4999999991562,2.8859619963585708,3.044035292382672,0.05460642011574557,0.0,0.013160794973373413,7.0
mica,1007.9999999991558,2.8870827012200704,3.043081875334362,0.054545292886525584,0.0,0.012649702839553356,7.0
mica,1008.4999999991553,2.8867838925127964,3.0432302041754777,0.054251574547591254,0.0,0.014720762148499489,7.0
mica,1008.9999999991549,2.8860091623776847,3.0440007203193824,0.05454066537428755,0.0,0.010556028224527836,7.0
mica,1009.4999999991544,2.886438156370355,3.0438950215545084,0.054334768037107316,0.0,0.0198581051081419,7.0
mica,1009.9999999991539,2.8797300670256933,3.049052128703653,0.0564549715029017,0.0,0.010508542880415916,7.0
mica,1010.4999999991535,2.8845108967571296,3.0462886979062658,0.05419088741091692,0.0,0.010233424603939056,7.0
mica,1010.999999999153,2.8838392889798095,3.0467416670625087,0.05400198517251006,0.0,0.010359215550124645,7.0
mica,1011.4999999991526,2.8841232213531987,3.0465476382472674,0.054236920608151815,0.0,0.01021058950573206,7.0
mica,1011.9999999991521,2.8839608297179002,3.046719206536641,0.05431627207297942,0.0,0.010381894186139107,7.0
mica,1012.4999999991517,2.8841304392622664,3.04662826076073,0.053928044844273125,0.0,0.010399880819022655,7.0
mica,1012.9999999991512,2.884151391179434,3.0466148095442604,0.05394830633247325,0.0,0.010545001365244389,7.0
mica,1013.4999999991508,2.8843030935000002,3.0465446176925757,0.05388980242188383,0.0,0.010498275980353355,7.0
mica,1013.9999999991503,2.883789741982305,3.0468055739889937,0.054274084701213754,0.0,0.010479028336703777,7.0
mica,1014.4999999991498,2.8816019554728625,3.048158643092811,0.05493228582927428,0.0,0.010410581715404987,7.0
mica,1014.9999999991494,2.8831488312221896,3.0476346137208092,0.0543855251056378,0.0,0.010488438419997692,7.0
mica,1015.4999999991489,2.883102296727325,3.0476151440371977,0.05421232776609908,0.0,0.0099031962454319,7.0
mica,1015.9999999991485,2.879747410311877,3.0490042719293187,0.054895916586424356,0.0,0.010500147007405758,7.0
mica,1016.499999999148,2.877202836263059,3.0496238611193927,0.05541506515896023,0.0,0.010472835972905159,7.0
mica,1016.9999999991476,2.8729209258262887,3.0518260685823626,0.05339178996170714,0.0,0.010730870999395847,7.0
mica,1017.4999999991471,2.8742242651350627,3.0511796753540246,0.05456772282582284,0.0,0.010385964065790176,7.0
mica,1017.9999999991467,2.8759926201611097,3.050015711779634,0.05613841680051134,0.0,0.010185152292251587,7.0
mica,1018.4999999991462,2.8925378131548523,3.0377921788954945,0.05508151209059448,0.0,0.010021189227700233,7.0
mica,1018.9999999991458,2.8914573043361567,3.0391795842633633,0.054408277257472965,0.0,0.010826198384165764,7.0
mica,1019.4999999991453,2.888502986194492,3.042294782578567,0.054813832864792605,0.0,0.015584869310259819,7.0
mica,1019.9999999991448,2.890766696781546,3.039483528007284,0.054482978565170356,0.0,0.012809161096811295,7.0
mica,1020.4999999991444,2.8899372653409774,3.040403382801035,0.05433156175761062,0.0,0.01783776469528675,7.0
mica,1020.9999999991439,2.8907662728817805,3.0395124301941605,0.054407776242330605,0.0,0.019364969804883003,7.0
mica,1021.4999999991435,2.892575533306678,3.0375711665929215,0.05776726610427933,0.0,0.021290922537446022,7.0
mica,1021.999999999143,2.8883914872069525,3.0409669791735525,0.05719250640576312,0.0,0.02018098160624504,7.0
mica,1022.4999999991426,2.887028324389424,3.0408553748076455,0.05649088524024194,0.0,0.021209849044680595,7.0
mica,1022.9999999991421,2.8605397657536304,3.0356303340109565,0.05914868952798307,0.0,0.015239492990076542,7.0
mica,1023.4999999991417,2.855926202628899,3.0348761450051915,0.05446668107129198,0.0,0.019224219024181366,7.0
mica,1023.9999999991412,2.858171276687821,3.036173988903323,0.05431521611109297,0.0,0.015373576432466507,7.0
mica,1024.4999999991521,2.858596073464043,3.037250166452889,0.05417349139297787,0.0,0.013044341467320919,7.0
mica,1024.999999999163,2.858440276597119,3.0363865278608873,0.05417047273395505,0.0,0.013985712081193924,7.0
mica,1025.499999999174,2.857991940469269,3.035040273326506,0.05440314050800455,0.0,0.010133451782166958,7.0
mica,1025.9999999991849,2.8579281089800483,3.0349737113014927,0.05446661191726866,0.0,0.008211982436478138,7.0
mica,1026.4999999991958,2.8576564924356895,3.034255358575232,0.05429769695702617,0.0,0.008267822675406933,7.0
mica,1026.9999999992067,2.8577999857176644,3.034931658548957,0.05426776743162015,0.0,0.007794096600264311,7.0
mica,1027.4999999992176,2.8562572214510342,3.0283698386307365,0.05474040814433364,0.0,0.02004949375987053,7.0
mica,1027.9999999992285,2.8560354871521305,3.0259209871699597,0.054894249508214324,0.0,0.019426953047513962,7.0
mica,1028.4999999992394,2.8561838731798757,3.027491341866357,0.0544834717004883,0.0,0.02113817073404789,7.0
mica,1028.9999999992503,2.8554923604772284,3.0250157973442806,0.05516755200485181,0.0,0.011102866381406784,7.0
mica,1029.4999999992613,2.8550841163052687,3.018501606173675,0.05494479482043217,0.0,0.019256053492426872,7.0
mica,1029.9999999992722,2.8601223079282363,3.0074711229358053,0.05210873573050604,0.0,0.02079636976122856,7.0
mica,1030.499999999283,2.8712628752881653,2.9924699315644956,0.054636560779962255,0.0,0.020654981955885887,7.0
mica,1030.999999999294,2.861103505672525,3.0044223353895076,0.05441390548950022,0.0,0.02013050764799118,7.0
mica,1031.499999999305,2.8618438938446165,3.003898372343848,0.05438257823043726,0.0,0.014120377600193024,7.0
mica,1031.9999999993158,2.8598749566717054,3.003821971120224,0.05443146946529106,0.0,0.014716124162077904,7.0
mica,1032.4999999993267,2.8593788158065996,3.0038086292790576,0.05460577767301915,0.0,0.01147351786494255,7.0
mica,1032.9999999993377,2.860709750325789,3.0041093235885485,0.05431221668107497,0.0,0.00975370779633522,7.0
mica,1033.4999999993486,2.8610167574508565,3.004108484157724,0.05467959446057379,0.0,0.009752522222697735,7.0
mica,1033.9999999993595,2.8644265252426906,3.004961135672559,0.0545016439629016,0.0,0.01821235753595829,7.0
mica,1034.4999999993704,2.8635157623630922,3.005134193697005,0.054507986329434224,0.0,0.02108319289982319,7.0
mica,1034.9999999993813,2.861442621411571,3.0051111213894113,0.05467303692540139,0.0,0.019003478810191154,7.0
mica,1035.4999999993922,2.851224331811557,3.005568801892574,0.05563842311177006,0.0,0.009636269882321358,7.0
mica,1035.9999999994031,2.867566356738812,3.006963274284292,0.05902676402074221,0.0,0.009448029100894928,7.0
mica,1036.499999999414,2.870789251870247,3.007064180365264,0.0625390338297315,0.0,0.01117093674838543,7.0
mica,1036.999999999425,2.8701415904604395,3.006423339263025,0.0662778582540885,0.0,0.019559618085622787,7.0
mica,1037.4999999994359,2.8600304844744606,2.998396005900469,0.058559402067712915,0.0,0.021173078566789627,7.0
mica,1037.9999999994468,2.85618419399144,2.9963522549042616,0.05620516004171593,0.0,0.019746772944927216,7.0
mica,1038.4999999994577,2.85389075302679,2.9956184736421987,0.056869980838750236,0.0,0.0138627914711833,7.0
mica,1038.9999999994686,2.8437014907991642,2.982448257519334,0.055023535309759425,0.0,0.015968112275004387,7.0
mica,1039.4999999994795,2.844135820264882,2.9839902883079237,0.054836050455138195,0.0,0.012111727148294449,7.0
mica,1039.9999999994905,2.845213509259413,2.9804240622715232,0.054439883271310587,0.0,0.010888494551181793,7.0
mica,1040.4999999995014,2.843075441841432,2.9773707989653966,0.05491545691048057,0.0,0.009450103156268597,7.0
mica,1040.9999999995123,2.8443824881037556,2.9782684436216362,0.054214460563158665,0.0,0.008040026761591434,7.0
mica,1041.4999999995232,2.8443490242881526,2.9782816119607154,0.05441557897174155,0.0,0.009703783318400383,7.0
mica,1041.999999999534,2.8430565278780713,2.9771633176038055,0.054211588276201796,0.0,0.020823244005441666,7.0
mica,1042.499999999545,2.8438134407116933,2.9780619476872188,0.05454974583662951,0.0,0.01036662608385086,7.0
mica,1042.999999999556,2.843806164480961,2.9780015207358868,0.05470232442413166,0.0,0.009399552829563618,7.0
mica,1043.4999999995669,2.842671436150117,2.976705856476528,0.05421785909169345,0.0,0.00917104072868824,7.0
mica,1043.9999999995778,2.8431273412970373,2.9772176111819655,0.054201700917691796,0.0,0.014035601168870926,7.0
mica,1044.4999999995887,2.842528673313648,2.97654922847096,0.05464889142058131,0.0,0.018323292955756187,7.0
mica,1044.9999999995996,2.8410723901954946,2.9750054040651372,0.05487094509243965,0.0,0.018721919506788254,7.0
mica,1045.4999999996105,2.8407385891437467,2.9755899971315225,0.059479628262323225,0.0,0.019811958074569702,7.0
mica,1045.9999999996214,2.840376622165647,2.974229726177658,0.05335239151153894,0.0,0.01473900768905878,7.0
mica,1046.4999999996323,2.8404152102491587,2.975340436048547,0.05471802208955332,0.0,0.017168136313557625,7.0
mica,1046.9999999996433,2.841321359688647,2.972716230134179,0.05481826806937883,0.0,0.012402180582284927,7.0
mica,1047.4999999996542,2.8459218813280738,2.95280065156355,0.0597027002347735,0.0,0.01618095673620701,7.0
mica,1047.999999999665,2.850548062374106,2.92592823607045,0.056510635170902886,0.0,0.015228399075567722,7.0
mica,1048.499999999676,2.8476968134674663,2.9354281945502194,0.05490102494597086,0.0,0.01939317397773266,7.0
mica,1048.999999999687,2.848972288588858,2.931383409895503,0.054312046846356356,0.0,0.020850971341133118,7.0
mica,1049.4999999996978,2.849143958577522,2.9305310395953383,0.05444320582329369,0.0,0.010427490808069706,7.0
mica,1049.9999999997087,2.84859280414427,2.9321712216126428,0.05437465466683826,0.0,0.009294908493757248,7.0
mica,1050.4999999997196,2.8489946218042133,2.9297341370369776,0.05463727909273307,0.0,0.009881536476314068,7.0
mica,1050.9999999997306,2.849049328735918,2.93047796177693,0.054638873584634116,0.0,0.00895636435598135,7.0
mica,1051.4999999997415,2.8490380908971598,2.9306180259639643,0.054285210588450886,0.0,0.009628256782889366,7.0
mica,1051.9999999997524,2.8491544387037435,2.9313456457900693,0.054444416456135916,0.0,0.010380799882113934,7.0
mica,1052.4999999997633,2.8431320905681683,2.942950911478011,0.05600298377957025,0.0,0.009085198864340782,7.0
mica,1052.9999999997742,2.843423021564862,2.9419101617178973,0.05490542550083224,0.0,0.010056298226118088,7.0
mica,1053.4999999997851,2.845256552979458,2.9379773496624044,0.05746047144006666,0.0,0.010544618591666222,7.0
mica,1053.999999999796,2.846105804550832,2.935830911330539,0.054516737922509606,0.0,0.010514206252992153,7.0
mica,1054.499999999807,2.8459070471625294,2.9344237129374715,0.05489630228777666,0.0,0.010200715623795986,7.0
mica,1054.9999999998179,2.848023528972568,2.925222604153117,0.06215568431710729,0.0,0.0100227240473032,7.0
mica,1055.4999999998288,2.8475324010468204,2.9292738028136402,0.054941053372789234,0.0,0.009792614728212357,7.0
mica,1055.9999999998397,2.8491951508591318,2.9306456205465565,0.05485684789861104,0.0,0.017544953152537346,7.0
mica,1056.4999999998506,2.8484932566093546,2.9311725855517494,0.054316768305161446,0.0,0.021145036444067955,7.0
mica,1056.9999999998615,2.849357117886073,2.9299775351153245,0.054502254928452946,0.0,0.012121429666876793,7.0
mica,1057.4999999998724,2.8483254559254774,2.931240415886907,0.05437022676435386,0.0,0.012471634894609451,7.0
mica,1057.9999999998834,2.848286466494615,2.931187875240409,0.05418560727699513,0.0,0.010410435497760773,7.0
mica,1058.4999999998943,2.847895449124332,2.9317754222230135,0.05451289231876545,0.0,0.010591586120426655,7.0
mica,1058.9999999999052,2.8470907587259644,2.9333212550455157,0.054972549751415016,0.0,0.010524706915020943,7.0
mica,1059.499999999916,2.848294952500042,2.932750922891034,0.05458779526512494,0.0,0.010478263720870018,7.0
mica,1059.999999999927,2.8497850344192446,2.9314070424219687,0.05479294749499708,0.0,0.010248898528516293,7.0
mica,1060.499999999938,2.8456894688478234,2.935757066713114,0.054688720803200336,0.0,0.010361584834754467,7.0
mica,1060.9999999999488,2.8464508692937898,2.934988161718321,0.05446979261119809,0.0,0.017442017793655396,7.0
mica,1061.4999999999598,2.84630449880984,2.9351482178891457,0.054618814164062036,0.0,0.011315183714032173,7.0
mica,1061.9999999999707,2.8444960591916235,2.9371135473918644,0.05491236103651403,0.0,0.01925268955528736,7.0
mica,1062.4999999999816,2.8448406103480472,2.936834826779787,0.05445813722249036,0.0,0.013075475580990314,7.0
mica,1062.9999999999925,2.8454690608317152,2.9366908590391856,0.05445216365800305,0.0,0.019453560933470726,7.0
mica,1063.5000000000034,2.8455733714255276,2.936808896395457,0.05439228110068586,0.0,0.021412895992398262,7.0
mica,1064.0000000000143,2.8502267751831103,2.9331992197711316,0.05496576801371822,0.0,0.021025637164711952,7.0
mica,1064.5000000000252,2.8473213365293457,2.9350408264574397,0.054108610171383756,0.0,0.00826298352330923,7.0
mica,1065.0000000000362,2.8469848267723514,2.9352965212899846,0.05415179206780014,0.0,0.01036109123378992,7.0
mica,1065.500000000047,2.8469570666265143,2.935265113621185,0.053794968193771525,0.0,0.012028602883219719,7.0
mica,1066.000000000058,2.8468783650799616,2.9352906703326567,0.05413211065361675,0.0,0.015596620738506317,7.0
mica,1066.500000000069,2.8466057978051604,2.935550115817495,0.05438432079254227,0.0,0.01065344363451004,7.0
mica,1067.0000000000798,2.847306285308071,2.9351005410652244,0.05455091670514936,0.0,0.012167174369096756,7.0
mica,1067.5000000000907,2.84608483847425,2.9360335219486142,0.054940518487165475,0.0,0.01854548044502735,7.0
mica,1068.0000000001016,2.8459737192399195,2.9361822617977853,0.0543987837041669,0.0,0.016017120331525803,7.0
mica,1068.5000000001125,2.84460652663601,2.937282030937982,0.05446110171707516,0.0,0.013980488292872906,7.0
mica,1069.0000000001235,2.8452662216108973,2.937014752135318,0.05411450580235637,0.0,0.020800622180104256,7.0
mica,1069.5000000001344,2.84537017386366,2.9369491543759576,0.054170220771717535,0.0,0.01271614246070385,7.0
mica,1070.0000000001453,2.844864596302728,2.9371515023127035,0.05396788380475189,0.0,0.01778007484972477,7.0
mica,1070.5000000001562,2.84350915322122,2.937931432622347,0.0547063949117271,0.0,0.015850862488150597,7.0
mica,1071.0000000001671,2.844297414426836,2.9372936814170654,0.0545773134466855,0.0,0.020542340353131294,7.0
mica,1071.500000000178,2.843532903986657,2.937939659680495,0.054629821167898614,0.0,0.010800029151141644,7.0
mica,1072.000000000189,2.8436835974593655,2.9379334984708496,0.05447483954020366,0.0,0.010123050771653652,7.0
mica,1072.5000000001999,2.8467519945768767,2.9355168354354224,0.05493832093550663,0.0,0.009414826519787312,7.0
mica,1073.0000000002108,2.847135039591213,2.935043762869225,0.05387657768465833,0.0,0.009400331415235996,7.0
mica,1073.5000000002217,2.848877102237394,2.9343358570773836,0.05402300657092856,0.0,0.010361793451011181,7.0
mica,1074.0000000002326,2.8412712480855835,2.9420334273297075,0.05820232769590521,0.0,0.010397703386843204,7.0
mica,1074.5000000002435,2.829798348835913,2.954166490455885,0.05459186020615381,0.0,0.012058377265930176,7.0
mica,1075.0000000002544,2.82948825736336,2.9545486942608825,0.054334422654766054,0.0,0.018727967515587807,7.0
mica,1075.5000000002653,2.8292195111460816,2.9549297331411335,0.054615459944626854,0.0,0.01843489520251751,7.0
mica,1076.0000000002763,2.829662674170345,2.9541573287354264,0.054421316511111914,0.0,0.017074957489967346,7.0
mica,1076.5000000002872,2.829551352280889,2.9544041848189333,0.054183960704239656,0.0,0.0192823838442564,7.0
mica,1077.000000000298,2.829876876762011,2.9537481439064552,0.05424406546877524,0.0,0.010613026097416878,7.0
mica,1077.500000000309,2.830366098661241,2.9524880900380994,0.0544838801566038,0.0,0.010645268484950066,7.0
mica,1078.00000000032,2.830391168312673,2.9524680210248464,0.05428643216241243,0.0,0.010786431841552258,7.0
mica,1078.5000000003308,2.8300577152820794,2.9530993820729825,0.054441979534381124,0.0,0.010634931735694408,7.0
mica,1079.0000000003417,2.8316034645375896,2.9502892692303515,0.05459260343536182,0.0,0.010690893977880478,7.0
mica,1079.5000000003527,2.8325091867541805,2.9491135642350215,0.05422741392698131,0.0,0.011847078800201416,7.0
mica,1080.0000000003636,2.834914547087407,2.944132479478573,0.055169495516422536,0.0,0.01091802679002285,7.0
mica,1080.5000000003745,2.834987725108905,2.9436579290206786,0.054847167419330066,0.0,0.01075522881001234,7.0
mica,1081.0000000003854,2.8325676250464062,2.9460299207348957,0.054592327745345934,0.0,0.010761097073554993,7.0
mica,1081.5000000003963,2.830742810484318,2.947861488707155,0.05491159814048539,0.0,0.010843098163604736,7.0
mica,1082.0000000004072,2.833100997255317,2.9437260883194925,0.05437178041278801,0.0,0.012216535396873951,7.0
mica,1082.5000000004181,2.83372221397878,2.942371153967746,0.05489358099835267,0.0,0.010736370459198952,7.0
mica,1083.000000000429,2.832983028184446,2.943411801277546,0.05460406975364997,0.0,0.011034015566110611,7.0
mica,1083.50000000044,2.8329514162475715,2.943166812173107,0.05463459352209066,0.0,0.01823091320693493,7.0
mica,1084.0000000004509,2.8329876650603874,2.943030230110196,0.054424683350509574,0.0,0.019579172134399414,7.0
mica,1084.5000000004618,2.832820811161752,2.943202936507578,0.054289027608916705,0.0,0.01290949247777462,7.0
mica,1085.0000000004727,2.832791158010339,2.943241335085351,0.054106142666954314,0.0,0.011761960573494434,7.0
mica,1085.5000000004836,2.832348295705232,2.9436760205416057,0.05388710832497007,0.0,0.010588732548058033,7.0
mica,1086.0000000004945,2.8321015746414973,2.9438119604085387,0.05426260002182096,0.0,0.010917006991803646,7.0
mica,1086.5000000005055,2.832291183436883,2.9435309404755627,0.05403048968099633,0.0,0.01095621008425951,7.0
mica,1087.0000000005164,2.832362765442678,2.94334189838885,0.05442073775861114,0.0,0.012156127020716667,7.0
mica,1087.5000000005273,2.8326208835232154,2.942955227211033,0.054521057460332374,0.0,0.010660623200237751,7.0
mica,1088.0000000005382,2.832762620473837,2.9431851521229295,0.05487754665020611,0.0,0.008715540170669556,7.0
mica,1088.500000000549,2.831410005497307,2.9453793631129237,0.054528958100868184,0.0,0.01068288553506136,7.0
mica,1089.00000000056,2.8313417807071337,2.9451549049313597,0.0545772739288393,0.0,0.01076516043394804,7.0
mica,1089.500000000571,2.831793066318805,2.9445925202124528,0.054674630480558914,0.0,0.009627087973058224,7.0
mica,1090.0000000005818,2.832373637563792,2.943193288700076,0.059865286365668104,0.0,0.010370077565312386,7.0
mica,1090.5000000005928,2.833614967053016,2.9395028125263614,0.05436002236605604,0.0,0.012300513684749603,7.0
mica,1091.0000000006037,2.83378024202643,2.939296981945539,0.05391502700585258,0.0,0.009280734695494175,7.0
mica,1091.5000000006146,2.833793124755589,2.9394131825575385,0.054269427606456075,0.0,0.00985256489366293,7.0
mica,1092.0000000006255,2.8344208277258685,2.938576767936382,0.054520100158169736,0.0,0.00955217145383358,7.0
mica,1092.5000000006364,2.8344281110008804,2.9381665184885137,0.0544883853091935,0.0,0.009004793129861355,7.0
mica,1093.0000000006473,2.8344645733142815,2.937591490902134,0.05433365337408115,0.0,0.009021132253110409,7.0
mica,1093.5000000006582,2.8344368640611117,2.937108707470453,0.05442162142959961,0.0,0.01654566451907158,7.0
mica,1094.0000000006692,2.834303679292829,2.9340769381302705,0.05465818983573403,0.0,0.012500778771936893,7.0
mica,1094.50000000068,2.834463124658598,2.930737941024604,0.054531563697045884,0.0,0.010883918963372707,7.0
mica,1095.000000000691,2.8345448071914903,2.930332612737769,0.05438677716137926,0.0,0.011085381731390953,7.0
mica,1095.500000000702,2.8339772328624635,2.930908019866104,0.05479367368484714,0.0,0.01593775860965252,7.0
mica,1096.0000000007128,2.834156198739883,2.9235443170908524,0.054094274452593835,0.0,0.021141836419701576,7.0
mica,1096.5000000007237,2.8340607847819066,2.922312212721108,0.05454476296013455,0.0,0.015809617936611176,7.0
mica,1097.0000000007346,2.8339956776572564,2.9230096735845166,0.05425881190765776,0.0,0.008371595293283463,7.0
mica,1097.5000000007456,2.8340532043776894,2.9229351101068812,0.05426079517925595,0.0,0.009742178954184055,7.0
mica,1098.0000000007565,2.83402650124006,2.9231859005815246,0.05434941165146366,0.0,0.009726110845804214,7.0
mica,1098.5000000007674,2.8339820429473646,2.924688679951162,0.0541297743250746,0.0,0.009218789637088776,7.0
mica,1099.0000000007783,2.8340732685234276,2.924550677078038,0.05429115585644307,0.0,0.010016866959631443,7.0
mica,1099.5000000007892,2.8344212831609834,2.92241157886639,0.054447385957168803,0.0,0.010071121156215668,7.0
mica,1100.0000000008001,2.8357053315991703,2.910541635905053,0.05549615276075336,0.0,0.010441066697239876,7.0
mica,1100.500000000811,2.8450505185698205,2.8958437807156523,0.05794453670573953,0.0,0.010131647810339928,7.0
mica,1101.000000000822,2.846645258315768,2.893760555025143,0.05433188346647391,0.0,0.010228272527456284,7.0
mica,1101.5000000008329,2.853164045089784,2.8876922831497898,0.055380391353830945,0.0,0.01567714288830757,7.0
mica,1102.0000000008438,2.851656829981594,2.8886749125622013,0.05479861306990382,0.0,0.011307971552014351,7.0
mica,1102.5000000008547,2.8543000194100414,2.8857332293629314,0.054504238111889564,0.0,0.020708544179797173,7.0
mica,1103.0000000008656,2.8665753603905917,2.8829875303781876,0.05603074470759828,0.0,0.021348528563976288,7.0
mica,1103.5000000008765,2.897219899519887,2.8917322577075235,0.05265690169989946,0.0,0.017837712541222572,7.0
mica,1104.0000000008874,2.9198553931463094,2.903249772268009,0.05205077366428606,0.0,0.009272889234125614,7.0
mica,1104.5000000008984,2.939635849931985,2.9211233784722586,0.05472206504704295,0.0,0.008709282614290714,7.0
mica,1105.0000000009093,2.940235064789558,2.914343085120689,0.05535635384404583,0.0,0.0099258441478014,7.0
mica,1105.5000000009202,2.9396823925766484,2.9065150568175677,0.05427889781589749,0.0,0.01271352544426918,7.0
mica,1106.000000000931,2.9395364788473946,2.9067014954419195,0.054651649800081074,0.0,0.011991837993264198,7.0
mica,1106.500000000942,2.9412496711635687,2.9003939146308504,0.05517983049698129,0.0,0.015392637811601162,7.0
mica,1107.000000000953,2.9419962895813336,2.8990587213325973,0.054967606006929015,0.0,0.019224291667342186,7.0
mica,1107.5000000009638,2.941322038662909,2.9018372332603475,0.05455303762895844,0.0,0.013189771212637424,7.0
mica,1108.0000000009748,2.9409590331427413,2.903310646486065,0.05468334564134955,0.0,0.011586916632950306,7.0
mica,1108.5000000009857,2.9419007749740156,2.9016497775477594,0.05441894443703119,0.0,0.014554091729223728,7.0
mica,1109.0000000009966,2.941789075937974,2.9019131144483863,0.05430222402728349,0.0,0.014278555288910866,7.0
mica,1109.5000000010075,2.942140575343707,2.9012427431196444,0.05416754260958034,0.0,0.01165038626641035,7.0
mica,1110.0000000010184,2.9428665838965773,2.900048204992794,0.05455674936253037,0.0,0.011021901853382587,7.0
mica,1110.5000000010293,2.9416550658112772,2.9029859347885827,0.054509330726247626,0.0,0.006583261303603649,7.0
mica,1111.0000000010402,2.940115811596375,2.907314337069696,0.054566951609528375,0.0,0.008284224197268486,7.0
mica,1111.5000000010511,2.9412848093199555,2.9051980255753853,0.05457908913622374,0.0,0.013949411921203136,7.0
mica,1112.000000001062,2.941553909633914,2.9041404438070675,0.05463581672990732,0.0,0.012295016087591648,7.0
mica,1112.500000001073,2.942891849921835,2.9015009191810672,0.05445019818155319,0.0,0.007407824974507093,7.0
mica,1113.000000001084,2.9444918608862585,2.9005043054588286,0.05430284260786413,0.0,0.011453493498265743,7.0
mica,1113.5000000010948,2.944652241071368,2.900553628171652,0.05440410362061932,0.0,0.011823619715869427,7.0
mica,1114.0000000011057,2.944698210993613,2.900712258268517,0.05462178952004497,0.0,0.01127584557980299,7.0
mica,1114.5000000011166,2.9451861149709773,2.89889821776106,0.05432445467693698,0.0,0.01010154653340578,7.0
mica,1115.0000000011275,2.9455234137036483,2.8974702908368477,0.05427973960992522,0.0,0.0190933458507061,7.0
mica,1115.5000000011385,2.945490328176904,2.897120430206975,0.054432561149418725,0.0,0.011407005600631237,7.0
mica,1116.0000000011494,2.9454604189658045,2.8970604926331087,0.05416755068967151,0.0,0.012560460716485977,7.0
mica,1116.5000000011603,2.9452527454672914,2.898087143869619,0.05473995894557091,0.0,0.012917628511786461,7.0
mica,1117.0000000011712,2.9454804876772807,2.8969772407440724,0.054086389828671144,0.0,0.01680632308125496,7.0
mica,1117.5000000011821,2.9451786346478213,2.903067521341977,0.05460965706715056,0.0,0.02125210501253605,7.0
mica,1118.000000001193,2.9443651740549748,2.901128013939559,0.0543235819856195,0.0,0.011801143176853657,7.0
mica,1118.500000001204,2.9433276095794896,2.8968752605515387,0.05467102491435227,0.0,0.00819355994462967,7.0
mica,1119.0000000012149,2.9387212259751534,2.877869877746684,0.05408812950986788,0.0,0.010289279744029045,7.0
mica,1119.5000000012258,2.936369299811997,2.8671682628071746,0.053969337480426496,0.0,0.014400367625057697,7.0
mica,1120.0000000012367,2.939063272400059,2.8719384792916207,0.05494462658323511,0.0,0.02136841230094433,7.0
mica,1120.5000000012476,2.937232269567238,2.869444653962481,0.05438895303495238,0.0,0.016892114654183388,7.0
mica,1121.0000000012585,2.9357350625302128,2.867269827355055,0.05472746377431033,0.0,0.014523448422551155,7.0
mica,1121.5000000012694,2.9367004406133614,2.8686000078205303,0.05433789673281416,0.0,0.0163250919431448,7.0
mica,1122.0000000012803,2.937199321452069,2.8694209719199155,0.054214571234717006,0.0,0.020517712458968163,7.0
mica,1122.5000000012913,2.936848657051929,2.868785664571604,0.05432121000723635,0.0,0.010162720456719398,7.0
mica,1123.0000000013022,2.935664459156383,2.8669531081328703,0.054584161703562374,0.0,0.009581170976161957,7.0
mica,1123.500000001313,2.9358322157914665,2.867362668987465,0.054496882836008065,0.0,0.013175644911825657,7.0
mica,1124.000000001324,2.936683378243089,2.8688413107817485,0.05433935403152231,0.0,0.01572692207992077,7.0
mica,1124.500000001335,2.936736393890611,2.8691052041072718,0.05451805959622781,0.0,0.011312456801533699,7.0
mica,1125.0000000013458,2.937103436844054,2.8685522776834067,0.05431812037068715,0.0,0.008802136406302452,7.0
mica,1125.5000000013567,2.9375664542570803,2.870131148231083,0.0542854616434805,0.0,0.011815437115728855,7.0
mica,1126.0000000013677,2.9380216932623107,2.86972644761273,0.054449773811127755,0.0,0.018679577857255936,7.0
mica,1126.5000000013786,2.9376748098975334,2.8714476616403326,0.054580518333707514,0.0,0.010541805997490883,7.0
mica,1127.0000000013895,2.9394025734738327,2.870996430115216,0.053583363916188786,0.0,0.01638908125460148,7.0
mica,1127.5000000014004,2.9374045766140044,2.869705667415788,0.05474960314795437,0.0,0.015258156694471836,7.0
mica,1128.0000000014113,2.9343216613281116,2.8665570955551396,0.05472506954809396,0.0,0.014997756108641624,7.0
mica,1128.5000000014222,2.924365778611868,2.8598239398376295,0.058560345642311336,0.0,0.010584510862827301,7.0
mica,1129.0000000014331,2.9176237461850008,2.858464725844038,0.05462269005443322,0.0,0.007662380114197731,7.0
mica,1129.500000001444,2.903551915636846,2.8583410388048653,0.05990779794445897,0.0,0.017073407769203186,7.0
mica,1130.000000001455,2.8971555668437436,2.8578077633115035,0.05701357820149235,0.0,0.008419972844421864,7.0
mica,1130.5000000014659,2.8832684051449404,2.857933536187296,0.05684846172775486,0.0,0.013701756484806538,7.0
mica,1131.0000000014768,2.878832488599659,2.8579057569474458,0.05421420714731374,0.0,0.009709080681204796,7.0
mica,1131.5000000014877,2.882547469102273,2.863789689413308,0.06471945436014588,0.0,0.01178848184645176,7.0
mica,1132.0000000014986,2.885116880607455,2.8672768867486496,0.054178998178672694,0.0,0.01149514876306057,7.0
mica,1132.5000000015095,2.886422500055554,2.8690760454764157,0.05445437967099567,0.0,0.009526210837066174,7.0
mica,1133.0000000015204,2.8872415948013526,2.869760859509345,0.05457391982129426,0.0,0.01844850741326809,7.0
mica,1133.5000000015314,2.8866646223582566,2.868625517410567,0.054415466203191515,0.0,0.020162522792816162,7.0
mica,1134.0000000015423,2.888908845899583,2.8714427423458746,0.05467847469676538,0.0,0.021006058901548386,7.0
mica,1134.5000000015532,2.888569503746438,2.8697001281994616,0.054477435355385274,0.0,0.01127570029348135,7.0
mica,1135.000000001564,2.888890246104997,2.8710802444588848,0.05472545704277365,0.0,0.007459286600351334,7.0
mica,1135.500000001575,2.8892843900240117,2.8725298438506903,0.05489100947495655,0.0,0.00888306088745594,7.0
mica,1136.000000001586,2.8891775734291585,2.8706853991489165,0.05449426819242372,0.0,0.011876734904944897,7.0
mica,1136.5000000015968,2.8893779099832297,2.8716564608892865,0.05404982499176151,0.0,0.01992102526128292,7.0
mica,1137.0000000016078,2.8894132675413124,2.871914366225763,0.05448573333927302,0.0,0.010032230988144875,7.0
mica,1137.5000000016187,2.88932534203345,2.8703321591481585,0.054605264983784325,0.0,0.008689834736287594,7.0
mica,1138.0000000016296,2.8891543088773024,2.871605380700622,0.05511977350430492,0.0,0.010591994039714336,7.0
mica,1138.5000000016405,2.886588050120577,2.8803126888374404,0.05492416581484955,0.0,0.008413128554821014,7.0
mica,1139.0000000016514,2.8688572476128718,2.8909057983899573,0.06080963184212554,0.0,0.010996153578162193,7.0
mica,1139.5000000016623,2.8540180451293415,2.89276728569727,0.05514210585086633,0.0,0.00977869238704443,7.0
mica,1140.0000000016732,2.8539637574268446,2.893475101039956,0.05495297094579553,0.0,0.007988390512764454,7.0
mica,1140.5000000016842,2.8663054788504714,2.899653237314563,0.05513336941963933,0.0,0.011606639251112938,7.0
mica,1141.000000001695,2.866728177554137,2.898711669431889,0.054672235374559765,0.0,0.010294140316545963,7.0
mica,1141.500000001706,2.867400085363039,2.8989622866497955,0.054415525635842,0.0,0.015077982097864151,7.0
mica,1142.000000001717,2.867195877181247,2.8988215333309055,0.0544107280956226,0.0,0.010235658846795559,7.0
mica,1142.5000000017278,2.8724673337404996,2.904464494133788,0.05512869799817211,0.0,0.011652871035039425,7.0
mica,1143.0000000017387,2.8715707525663157,2.9035487249410386,0.054734094195553425,0.0,0.010668236762285233,7.0
mica,1143.5000000017496,2.878687609057822,2.9112215293289654,0.05460551844277195,0.0,0.010475807823240757,7.0
mica,1144.0000000017606,2.8774326724971613,2.9099091589141866,0.05438944144264634,0.0,0.010207252576947212,7.0
mica,1144.5000000017715,2.8770165343368386,2.9092125049416167,0.05440604137547633,0.0,0.007962513715028763,7.0
mica,1145.0000000017824,2.8772783693826205,2.9099586231813115,0.05411942277647699,0.0,0.011297491379082203,7.0
mica,1145.5000000017933,2.8772203433205488,2.909869786848649,0.054167348249534536,0.0,0.011816613376140594,7.0
mica,1146.0000000018042,2.877781331524263,2.910552280921953,0.054245773653058584,0.0,0.019734550267457962,7.0
mica,1146.5000000018151,2.8777192478122733,2.910299543012742,0.05404375401595339,0.0,0.021460510790348053,7.0
mica,1147.000000001826,2.8780704522190117,2.911167335153846,0.054358885440100424,0.0,0.01431288756430149,7.0
mica,1147.500000001837,2.8784570837153676,2.9119252245431952,0.05448854088694949,0.0,0.011463288217782974,7.0
mica,1148.0000000018479,2.8810602487795722,2.919205105988422,0.055240910913708786,0.0,0.020814361050724983,7.0
mica,1148.5000000018588,2.881366188252706,2.9211844494093557,0.054463142060700305,0.0,0.012088555842638016,7.0
mica,1149.0000000018697,2.8819311231593416,2.9225547570341854,0.054798502912651675,0.0,0.01126557681709528,7.0
mica,1149.5000000018806,2.8830900938423865,2.9223092916657136,0.05422026397698618,0.0,0.008813699707388878,7.0
mica,1150.0000000018915,2.8832283303067556,2.9220551897690683,0.05433606645000878,0.0,0.009585089050233364,7.0
mica,1150.5000000019024,2.8832913553668957,2.920981049615699,0.054216987858032216,0.0,0.009147032164037228,7.0
mica,1151.0000000019133,2.883318483156112,2.920621137310769,0.05410463218053426,0.0,0.00927382055670023,7.0
mica,1151.5000000019243,2.883324358830535,2.917540741146426,0.055003650726359196,0.0,0.012879813089966774,7.0
mica,1152.0000000019352,2.8831987634769285,2.9194659870953976,0.054356023910253,0.0,0.012780311517417431,7.0
mica,1152.500000001946,2.883172368026959,2.919742179690641,0.05452192370054901,0.0,0.009855427779257298,7.0
mica,1153.000000001957,2.8831129898295016,2.9202761052129107,0.05441241977956606,0.0,0.013755301013588905,7.0
mica,1153.500000001968,2.882603881700272,2.924915031736569,0.05469652107152525,0.0,0.016607601195573807,7.0
mica,1154.0000000019788,2.883478876527054,2.9227624168972777,0.05440058659104448,0.0,0.010800633579492569,7.0
mica,1154.5000000019897,2.8833609918030865,2.9239285037636864,0.054351535681245254,0.0,0.010227495804429054,7.0
mica,1155.0000000020007,2.8839208083272294,2.9227935436192163,0.0538352043908558,0.0,0.014745515771210194,7.0
mica,1155.5000000020116,2.8836979595825665,2.9230611264098036,0.054302590230090014,0.0,0.010941293090581894,7.0
mica,1156.0000000020225,2.8841763353010346,2.922326341819403,0.05461688734797204,0.0,0.011902541853487492,7.0
mica,1156.5000000020334,2.8828951827156954,2.9217660352644024,0.05836314890095869,0.0,0.010745496489107609,7.0
mica,1157.0000000020443,2.8829554713912584,2.921818995337593,0.054840426229056494,0.0,0.010464584454894066,7.0
mica,1157.5000000020552,2.8819389593164226,2.924015460432401,0.05488178009191052,0.0,0.011136324144899845,7.0
mica,1158.0000000020661,2.8799852054311144,2.9243020786622087,0.05477638906855769,0.0,0.014600681141018867,7.0
mica,1158.500000002077,2.8756534773265825,2.9251884228170963,0.054774932128659026,0.0,0.01212751492857933,7.0
mica,1159.000000002088,2.8864412533707013,2.9255569591299615,0.05777846618857061,0.0,0.021331006661057472,7.0
mica,1159.500000002099,2.8793846669216436,2.9204956855989486,0.06348996259252888,0.0,0.018407993018627167,7.0
mica,1160.0000000021098,2.872786720668639,2.9140992266881907,0.05617103978281984,0.0,0.009069805964827538,7.0
mica,1160.5000000021207,2.863492323761397,2.897024269151477,0.05495619492444452,0.0,0.009455708786845207,7.0
mica,1161.0000000021316,2.8645261021215656,2.897006777465534,0.05476411995539452,0.0,0.009235672652721405,7.0
mica,1161.5000000021425,2.8630187922226824,2.8947907369088974,0.05460498036760404,0.0,0.01010512188076973,7.0
mica,1162.0000000021535,2.8606101056549917,2.8908170910958217,0.0570265106280304,0.0,0.00940030813217163,7.0
mica,1162.5000000021644,2.861127019382144,2.890701716054113,0.054408699783417454,0.0,0.008941364474594593,7.0
mica,1163.0000000021753,2.861062302592059,2.8908999292642097,0.054061218749646,0.0,0.008831013925373554,7.0
mica,1163.5000000021862,2.861796323148153,2.891711448487605,0.05447866835830819,0.0,0.008673514239490032,7.0
mica,1164.000000002197,2.867930140264983,2.8967306755506934,0.07364751001386972,0.0,0.009578346274793148,7.0
mica,1164.500000002208,2.8814664878307004,2.9066607413662617,0.05127906643362253,0.0,0.011769269593060017,7.0
mica,1165.000000002219,2.873868625888115,2.9049416037115203,0.052874395148484396,0.0,0.008329015225172043,7.0
mica,1165.5000000022299,2.85392600547998,2.9020212435000716,0.05465763005569424,0.0,0.00862245261669159,7.0
mica,1166.0000000022408,2.849329951123571,2.9014000773631885,0.05661399304974546,0.0,0.009169068187475204,7.0
mica,1166.5000000022517,2.847334812597433,2.9010083671898355,0.05443117520460129,0.0,0.009760686196386814,7.0
mica,1167.0000000022626,2.8477367962735705,2.900788690017594,0.06143840478397427,0.0,0.02048301324248314,7.0
mica,1167.5000000022735,2.8497087120617075,2.892694827027012,0.05970458522092183,0.0,0.015761809423565865,7.0
mica,1168.0000000022844,2.853186326964524,2.8800003056120564,0.056853046299335845,0.0,0.021211285144090652,7.0
mica,1168.5000000022953,2.8523280202979735,2.881527176783405,0.054610380913767596,0.0,0.015432748012244701,7.0
mica,1169.0000000023063,2.853320036282392,2.8795094095107094,0.05404207873473252,0.0,0.018351443111896515,7.0
mica,1169.5000000023172,2.8529667741388764,2.879274731592246,0.05477952278623566,0.0,0.007809455972164869,7.0
mica,1170.000000002328,2.8523207418035414,2.88021219840179,0.054578850927495204,0.0,0.00639795046299696,7.0
mica,1170.500000002339,2.853158334241063,2.8793739827720772,0.05430484561436275,0.0,0.006690510082989931,7.0
mica,1171.00000000235,2.8525635680464165,2.8801021721565783,0.054262839805533175,0.0,0.006507862824946642,7.0
mica,1171.5000000023608,2.852023221921097,2.880565010703637,0.054295798451565826,0.0,0.007867801003158092,7.0
mica,1172.0000000023717,2.8521927898622224,2.8803498225423074,0.054413438603158136,0.0,0.007265910971909761,7.0
mica,1172.5000000023826,2.8529461228112685,2.879965043630537,0.05438521485824607,0.0,0.0064819809049367905,7.0
mica,1173.0000000023936,2.8551066306934803,2.87835404259764,0.05464428835323247,0.0,0.007335751783102751,7.0
mica,1173.5000000024045,2.8538540096858873,2.8804987284655694,0.05441504173885088,0.0,0.018712598830461502,7.0
mica,1174.0000000024154,2.8535880338318798,2.881038484107375,0.05440465621585746,0.0,0.014596500433981419,7.0
mica,1174.5000000024263,2.853626516030634,2.880738854828793,0.054166647317031254,0.0,0.018261970952153206,7.0
mica,1175.0000000024372,2.8539667000931206,2.8800973384745308,0.05421204873978084,0.0,0.02010948210954666,7.0
mica,1175.5000000024481,2.8539529373253263,2.8800840701365327,0.054726819837141685,0.0,0.013137738220393658,7.0
mica,1176.000000002459,2.859768404684927,2.87038632318781,0.05514833955140809,0.0,0.007392937317490578,7.0
mica,1176.50000000247,2.8659800613410504,2.854415519555427,0.05458443816709632,0.0,0.013140983879566193,7.0
mica,1177.0000000024809,2.8676712032539364,2.8475559675587463,0.05460415825895967,0.0,0.011718069203197956,7.0
mica,1177.5000000024918,2.868390595351752,2.845428254461037,0.05468299325720576,0.0,0.020021509379148483,7.0
mica,1178.0000000025027,2.868777217151691,2.836844846702542,0.05548901858535512,0.0,0.020437434315681458,7.0
mica,1178.5000000025136,2.869903712721644,2.843288856175509,0.05316870856197368,0.0,0.020216887816786766,7.0
mica,1179.0000000025245,2.8708545478526144,2.8483998767166203,0.05458232509252807,0.0,0.021383795887231827,7.0
mica,1179.5000000025354,2.870872429770145,2.8481641955018695,0.054187426228496705,0.0,0.019525738433003426,7.0
mica,1180.0000000025464,2.87097286181623,2.8473032797938105,0.05467230719917522,0.0,0.01837361976504326,7.0
mica,1180.5000000025573,2.870841354700043,2.847587012509535,0.054466305962966234,0.0,0.008519353345036507,7.0
mica,1181.0000000025682,2.870895293486962,2.847620875860617,0.05423128380048397,0.0,0.008816299960017204,7.0
mica,1181.500000002579,2.870783463168012,2.848462816425542,0.05447444398446604,0.0,0.018706055358052254,7.0
mica,1182.00000000259,2.870860256296503,2.8506403016681925,0.05557836774168758,0.0,0.013908443041145802,7.0
mica,1182.500000002601,2.8680866764121165,2.8539985450051475,0.06679911732192562,0.0,0.020043179392814636,7.0
mica,1183.0000000026118,2.861362809872394,2.8602873550659305,0.05511018784420223,0.0,0.014444977976381779,7.0
mica,1183.5000000026228,2.8633261440147444,2.8607255231995428,0.054716087730195304,0.0,0.017772216349840164,7.0
pip,1003.9999999991594,8.91744152294162,5.380071950463969,0.054594452444876394,0.0,0.010297742672264576,31.0
pip,1004.499999999159,8.917044005317514,5.379142177196797,0.05434629563874256,0.0,0.01340014673769474,31.0
pip,1004.9999999991585,8.917103170596869,5.3793488820481725,0.05430167345957897,0.0,0.01290060579776764,31.0
pip,1005.499999999158,8.916995574029691,5.379074259118625,0.05428020569216196,0.0,0.010026802308857441,31.0
pip,1005.9999999991576,8.917319307579012,5.380388008572199,0.05436699670003728,0.0,0.011054457165300846,31.0
pip,1006.4999999991571,8.91704167798933,5.3788213528034445,0.054241277649495684,0.0,0.01179992500692606,31.0
pip,1006.9999999991567,8.91694892336882,5.378835503058027,0.054447180712658555,0.0,0.011793258599936962,31.0
pip,1007.4999999991562,8.91695581563882,5.379291346438946,0.05444757724130467,0.0,0.011613461188971996,31.0
pip,1007.9999999991558,8.917027832461113,5.379652433458138,0.05434906148891373,0.0,0.011971586383879185,31.0
pip,1008.4999999991553,8.917041175703872,5.379147520900487,0.054316187933297115,0.0,0.0071126245893538,31.0
pip,1008.9999999991549,8.917050947411173,5.379524398823715,0.05450398749130779,0.0,0.019376760348677635,31.0
pip,1009.4999999991544,8.91819936082332,5.382006804813111,0.062286555836318015,0.0,0.011349780485033989,31.0
pip,1009.9999999991539,8.915995042528541,5.38797211055341,0.05533570330403413,0.0,0.007763412315398455,31.0
pip,1010.4999999991535,8.912794138550625,5.391590123240693,0.054410001983519994,0.0,0.009792397730052471,31.0
pip,1010.999999999153,8.912820263533739,5.392105274495148,0.054429298896585224,0.0,0.010699219070374966,31.0
pip,1011.4999999991526,8.913170985779974,5.392511921859551,0.05446520346282942,0.0,0.01198525819927454,31.0
pip,1011.9999999991521,8.910917402398947,5.39548164103881,0.05358510611744738,0.0,0.01236098911613226,31.0
pip,1012.4999999991517,8.911917319583528,5.397187988209443,0.056881402624824225,0.0,0.013400863856077194,31.0
pip,1012.9999999991512,8.926144519036988,5.393079539575082,0.05476000955726676,0.0,0.016285711899399757,31.0
pip,1013.4999999991508,8.93906088095919,5.393438470525345,0.055085310023951166,0.0,0.016615739092230797,31.0
pip,1013.9999999991503,8.944198070529374,5.392888295995116,0.057749060354422205,0.0,0.017691293731331825,31.0
pip,1014.4999999991498,8.952599067049773,5.38899396501766,0.05478903144971622,0.0,0.017350587993860245,31.0
pip,1014.9999999991494,8.95288505488517,5.388738636277997,0.054190043820532004,0.0,0.017391415312886238,31.0
pip,1015.4999999991489,8.939582462958825,5.391455138929547,0.05620212888448608,0.0,0.017292357981204987,31.0
pip,1015.9999999991485,8.93703712680407,5.390818699432512,0.054302097509958756,0.0,0.01612168923020363,31.0
pip,1016.499999999148,8.936425958013388,5.390645608734882,0.05452254371545314,0.0,0.01667940244078636,31.0
pip,1016.9999999991476,8.93813355615028,5.390904969778756,0.05469825624014005,0.0,0.016516217961907387,31.0
pip,1017.4999999991471,8.929448759751741,5.389684820336922,0.05446724699058788,0.0,0.018104081973433495,31.0
pip,1017.9999999991467,8.929782474861126,5.389727209938929,0.05375037738690889,0.0,0.016712231561541557,31.0
pip,1018.4999999991462,8.928085678751751,5.38930677980249,0.054165054534679166,0.0,0.016486378386616707,31.0
pip,1018.9999999991458,8.926295094204697,5.388807798732014,0.054409459117839565,0.0,0.020779378712177277,31.0
pip,1019.4999999991453,8.927595746894049,5.389111227509456,0.054169864913788814,0.0,0.016913799569010735,31.0
pip,1019.9999999991448,8.926668548205305,5.388851957937127,0.05421680112519408,0.0,0.01807991974055767,31.0
pip,1020.4999999991444,8.928191750947498,5.389252833991418,0.054706033853327424,0.0,0.021523794159293175,31.0
pip,1020.9999999991439,8.929184365372308,5.389294249648462,0.054200098822177356,0.0,0.019770799204707146,31.0
pip,1021.4999999991435,8.930728116032014,5.390552842075162,0.05480057763057858,0.0,0.019618220627307892,31.0
pip,1021.999999999143,8.936770198771944,5.392771013840638,0.05699044003866428,0.0,0.0208138395100832,31.0
pip,1022.4999999991426,8.937516511781125,5.393773769219994,0.05465645387822958,0.0,0.017848430201411247,31.0
pip,1022.9999999991421,8.945758924650457,5.3922897170544655,0.05499034016835871,0.0,0.021919043734669685,31.0
pip,1023.4999999991417,8.950478464581668,5.39077591507966,0.05440244879902154,0.0,0.02302667498588562,31.0
pip,1023.9999999991412,8.947387511808408,5.3919584096244675,0.05460787642354541,0.0,0.022527096793055534,31.0
pip,1024.4999999991521,8.949493545569753,5.391376651044268,0.05390327244886951,0.0,0.018459202721714973,31.0
pip,1024.999999999163,8.948430528191134,5.391740140085418,0.05450260623324918,0.0,0.01681075431406498,31.0
pip,1025.499999999174,8.944859655978025,5.392735549997028,0.05455909297966313,0.0,0.015857992693781853,31.0
pip,1025.9999999991849,8.950641099065212,5.390669875130336,0.06356309519153124,0.0,0.014899796806275845,31.0
pip,1026.4999999991958,8.957437824415354,5.388159185408423,0.055613839966662346,0.0,0.014789191074669361,31.0
pip,1026.9999999992067,8.956644347160712,5.388197754396085,0.054319632583320544,0.0,0.016585206612944603,31.0
pip,1027.4999999992176,8.957231718761783,5.388006526511247,0.05400044042105748,0.0,0.01623670570552349,31.0
pip,1027.9999999992285,8.957363677859659,5.3878925679893435,0.05420049467109139,0.0,0.01679771952331066,31.0
pip,1028.4999999992394,8.958192243016873,5.387687717375264,0.0541388050302601,0.0,0.016977425664663315,31.0
pip,1028.9999999992503,8.958470696384367,5.387600056308359,0.05444723096075718,0.0,0.015460644848644733,31.0
pip,1029.4999999992613,8.957961150997484,5.387759957954655,0.05393938084748602,0.0,0.01634884998202324,31.0
pip,1029.9999999992722,8.957760519592556,5.38781250797144,0.053960546605340796,0.0,0.017449039965867996,31.0
pip,1030.499999999283,8.958247364760329,5.387640651135246,0.05409387348261684,0.0,0.01696539856493473,31.0
pip,1030.999999999294,8.958478404265751,5.387546061416413,0.054255978773135496,0.0,0.014576363377273083,31.0
pip,1031.499999999305,8.958790719412205,5.387443709665039,0.054147047576528946,0.0,0.017320049926638603,31.0
pip,1031.9999999993158,8.959074066281511,5.387336630915056,0.05400732794329281,0.0,0.016536742448806763,31.0
pip,1032.4999999993267,8.95763194663041,5.387910933551363,0.05418385352417407,0.0,0.017341213300824165,31.0
pip,1032.9999999993377,8.953919964894428,5.389318886894105,0.05520373501246045,0.0,0.01677248813211918,31.0
pip,1033.4999999993486,8.938909397640158,5.396937690926606,0.05449810817273032,0.0,0.01029752753674984,31.0
pip,1033.9999999993595,8.938487100965212,5.397404222405327,0.054460759236172405,0.0,0.01448856946080923,31.0
pip,1034.4999999993704,8.941039539078627,5.395401767459552,0.05420154814065617,0.0,0.007957521826028824,31.0
pip,1034.9999999993813,8.952790748329456,5.386831993445613,0.05584475324046616,0.0,0.0158974789083004,31.0
pip,1035.4999999993922,8.956364272104777,5.385840305154211,0.054920383945790394,0.0,0.016251806169748306,31.0
pip,1035.9999999994031,8.957823305175102,5.385774140388321,0.054785756232403886,0.0,0.01680808700621128,31.0
pip,1036.499999999414,8.952217612765015,5.383821331144636,0.05672859741175383,0.0,0.016528062522411346,31.0
pip,1036.999999999425,8.953387251403994,5.384769872616181,0.055598488235905616,0.0,0.01892170123755932,31.0
pip,1037.4999999994359,8.950724490993482,5.382226980075542,0.0548777567911523,0.0,0.017534738406538963,31.0
pip,1037.9999999994468,8.954344270028416,5.386133394576232,0.05455937351174679,0.0,0.015515466220676899,31.0
pip,1038.4999999994577,8.953496750454088,5.386464357985871,0.054260491519033505,0.0,0.019703814759850502,31.0
pip,1038.9999999994686,8.953269034766668,5.38615128014106,0.054409572172593665,0.0,0.019790487363934517,31.0
pip,1039.4999999994795,8.951268572264636,5.3842994747504855,0.05446946057271852,0.0,0.018712954595685005,31.0
pip,1039.9999999994905,8.952253331853168,5.3849256242128005,0.05414337012444165,0.0,0.01964143104851246,31.0
pip,1040.4999999995014,8.952426892586297,5.385017031509157,0.05414620345366865,0.0,0.019804904237389565,31.0
pip,1040.9999999995123,8.952460572462359,5.385009964741979,0.05444160902756776,0.0,0.01699817180633545,31.0
pip,1041.4999999995232,8.95185832347865,5.384506392730177,0.054403765003855006,0.0,0.0166312362998724,31.0
pip,1041.999999999534,8.952653343465828,5.385293982918372,0.054821946562797506,0.0,0.019418317824602127,31.0
pip,1042.499999999545,8.953305605801278,5.3859458437967,0.054602991125234535,0.0,0.019710887223482132,31.0
pip,1042.999999999556,8.952600239544582,5.385429261687993,0.054212259416014895,0.0,0.019464688375592232,31.0
pip,1043.4999999995669,8.954393014901903,5.387063458621422,0.054702809781438384,0.0,0.020022254437208176,31.0
pip,1043.9999999995778,8.955105154561284,5.3879621265354976,0.055564838809894566,0.0,0.021118970587849617,31.0
pip,1044.4999999995887,8.977821822377486,5.404701027546798,0.055496816862982544,0.0,0.019672533497214317,31.0
pip,1044.9999999995996,8.981637226597076,5.403743314153102,0.054680556818456835,0.0,0.020578810945153236,31.0
pip,1045.4999999996105,8.984666469610179,5.404794660878116,0.05437203161962383,0.0,0.020806964486837387,31.0
pip,1045.9999999996214,8.984606724140797,5.404282785191931,0.05423872561859873,0.0,0.020384928211569786,31.0
pip,1046.4999999996323,8.985504999205048,5.410136689042119,0.055612549198263354,0.0,0.022526202723383904,31.0
pip,1046.9999999996433,8.985667298753107,5.4088409979836065,0.05439548016689546,0.0,0.02031336911022663,31.0
pip,1047.4999999996542,8.985562081821017,5.410691060473764,0.05434441616766836,0.0,0.01611710526049137,31.0
pip,1047.999999999665,8.985028174243832,5.419043051615329,0.05540189324227088,0.0,0.015927398577332497,31.0
pip,1048.499999999676,8.985668062689092,5.421906560799965,0.05434755327681421,0.0,0.02098836377263069,31.0
pip,1048.999999999687,8.9862441279611,5.4217543727072455,0.0549414583482313,0.0,0.02280747890472412,31.0
pip,1049.4999999996978,8.986592983618369,5.42095201562492,0.05451691868301897,0.0,0.02178741618990898,32.0
pip,1049.9999999997087,8.99621998466232,5.41269112532886,0.05495169464918808,0.0,0.018679078668355942,32.0
pip,1050.4999999997196,9.008832819617343,5.398675616471145,0.05473725506629004,0.0,0.018441196531057358,32.0
pip,1050.9999999997306,9.012848829688823,5.391450253907321,0.05519739274072392,0.0,0.016920212656259537,32.0
pip,1051.4999999997415,9.016137571593072,5.382504163899546,0.05417217407164742,0.0,0.016580214723944664,32.0
pip,1051.9999999997524,9.017452865822282,5.376268903581815,0.05888040347711737,0.0,0.018401561304926872,32.0
pip,1052.4999999997633,9.01477772062818,5.381462565096063,0.054842626138861636,0.0,0.01774066872894764,32.0
pip,1052.9999999997742,9.016847239524202,5.376757786719407,0.054694591097731254,0.0,0.018247097730636597,32.0
pip,1053.4999999997851,9.01738744456174,5.374320358916831,0.055193577481450616,0.0,0.017698703333735466,32.0
pip,1053.999999999796,9.016665697142349,5.373883998951683,0.05459898464707642,0.0,0.016513682901859283,32.0
pip,1054.499999999807,9.01561404042086,5.374563019300845,0.05442807214336946,0.0,0.015362363308668137,32.0
pip,1054.9999999998179,9.008257394248927,5.379102882935916,0.054652616302575854,0.0,0.015221334993839264,32.0
pip,1055.4999999998288,8.995290857639288,5.388123002929823,0.05400846556381933,0.0,0.015998315066099167,32.0
pip,1055.9999999998397,8.986695801831768,5.393782933593686,0.05464347203259486,0.0,0.01678207889199257,32.0
pip,1056.4999999998506,8.974343353423171,5.402252490974074,0.05473477397299947,0.0,0.017634280025959015,32.0
pip,1056.9999999998615,8.975217165803254,5.401820652050114,0.054969313927700464,0.0,0.018154600635170937,32.0
pip,1057.4999999998724,8.976081787564022,5.401608147937223,0.05444292955656033,0.0,0.014210917986929417,32.0
pip,1057.9999999998834,8.976938996608208,5.401616707483555,0.05460415744119741,0.0,0.015599572099745274,32.0
pip,1058.4999999998943,8.984640220810965,5.401901152564335,0.055279085726011264,0.0,0.022175315767526627,32.0
pip,1058.9999999999052,8.976507700441466,5.398120966059558,0.05358483396657939,0.0,0.012951568700373173,32.0
pip,1059.499999999916,8.971214906767665,5.393081445015071,0.06898919302719053,0.0,0.010529999621212482,32.0
pip,1059.999999999927,8.970540319998591,5.387509124121702,0.05483418495275347,0.0,0.009372095577418804,32.0
pip,1060.499999999938,8.970299189752843,5.387729753973684,0.054585234312608914,0.0,0.011836189776659012,32.0
pip,1060.9999999999488,8.96999890660034,5.388582993096185,0.05433637316793321,0.0,0.011809599585831165,32.0
pip,1061.4999999999598,8.96985276883239,5.388503198567226,0.05437953100579056,0.0,0.010038434527814388,32.0
pip,1061.9999999999707,8.970203493912951,5.376857635264782,0.058713616523820504,0.0,0.014025446027517319,32.0
pip,1062.4999999999816,8.966085396546433,5.3598100467026075,0.05454766368432173,0.0,0.012707226909697056,32.0
pip,1062.9999999999925,8.962863982978396,5.354667744517916,0.05533767087259958,0.0,0.014991345815360546,32.0
pip,1063.5000000000034,8.957793131086671,5.349685965781547,0.054561483765050336,0.0,0.014773373492062092,32.0
pip,1064.0000000000143,8.958411179964187,5.349922849809952,0.05429898150040676,0.0,0.016918253153562546,32.0
pip,1064.5000000000252,8.958674360349198,5.349980570344403,0.054519943296670634,0.0,0.020513277500867844,32.0
pip,1065.0000000000362,8.958020807567648,5.34976255106066,0.054363558049960174,0.0,0.014595543965697289,32.0
pip,1065.500000000047,8.95846334355253,5.349823317031448,0.05423140866514661,0.0,0.008786003105342388,32.0
pip,1066.000000000058,8.960810234506086,5.350497503091853,0.054773677204982614,0.0,0.020956827327609062,32.0
pip,1066.500000000069,8.958682314159626,5.348838062003717,0.057910962982502374,0.0,0.011613133363425732,32.0
pip,1067.0000000000798,8.969660752059722,5.350620098633396,0.054916838880133684,0.0,0.014140271581709385,32.0
pip,1067.5000000000907,8.978375073664429,5.34846395568784,0.05579081145898227,0.0,0.018682098016142845,32.0
pip,1068.0000000001016,9.004568082718468,5.34335336935836,0.0563158435444036,0.0,0.017346899956464767,32.0
pip,1068.5000000001125,9.02421013337659,5.3383264002948865,0.05808977755473773,0.0,0.01690460368990898,32.0
pip,1069.0000000001235,9.027260633576331,5.337197253705554,0.05432487523617471,0.0,0.021952973678708076,32.0
pip,1069.5000000001344,9.027730408619304,5.338882987650436,0.053814357911060526,0.0,0.014719508588314056,32.0
pip,1070.0000000001453,9.030357252581155,5.339504122752677,0.05511112435565979,0.0,0.013027394190430641,32.0
pip,1070.5000000001562,9.026810114579204,5.338054046379515,0.054734782271443225,0.0,0.01102515496313572,32.0
pip,1071.0000000001671,9.027094710836346,5.338424722568361,0.054279012127621845,0.0,0.01757664978504181,32.0
pip,1071.500000000178,9.025663601422796,5.337842978737692,0.054995696488134516,0.0,0.022585613653063774,32.0
pip,1072.000000000189,9.023555756700151,5.337311287591288,0.05456938693211025,0.0,0.013063148595392704,32.0
pip,1072.5000000001999,9.02271726221234,5.336646350785021,0.05431797674689945,0.0,0.01246713288128376,32.0
pip,1073.0000000002108,9.021814240908755,5.335471608209089,0.05451863636710852,0.0,0.010942155495285988,32.0
pip,1073.5000000002217,9.023554658628541,5.336349920522319,0.05446126119273811,0.0,0.011575290001928806,32.0
pip,1074.0000000002326,9.02401084791922,5.3368633529549845,0.05435667129840547,0.0,0.00986725464463234,32.0
pip,1074.5000000002435,9.023605504520214,5.336644576773641,0.05415137813245026,0.0,0.012394477613270283,32.0
pip,1075.0000000002544,9.024550871828422,5.337391356474135,0.05439616886882455,0.0,0.011147746816277504,32.0
pip,1075.5000000002653,9.024534026851272,5.337521521443828,0.0541840492551587,0.0,0.013885746710002422,32.0
pip,1076.0000000002763,9.023964363665977,5.3370480018675215,0.054368655985527654,0.0,0.01259338203817606,32.0
pip,1076.5000000002872,9.023528024175835,5.3364852807412495,0.05464685443699515,0.0,0.01182422786951065,32.0
pip,1077.000000000298,9.02292437157149,5.336715254623798,0.054189393339858734,0.0,0.006036742124706507,32.0
pip,1077.500000000309,9.023489205048238,5.337574807392665,0.05429764480122015,0.0,0.012193277478218079,32.0
pip,1078.00000000032,9.022771042530799,5.337709795895923,0.05443445624249408,0.0,0.011576221324503422,32.0
pip,1078.5000000003308,9.022544901780023,5.337054891659652,0.054505937828417575,0.0,0.009898165240883827,32.0
pip,1079.0000000003417,9.022276084677797,5.3367605204531765,0.05461678022498017,0.0,0.009266386739909649,32.0
pip,1079.5000000003527,9.021860045267909,5.336532948185246,0.054041163192914125,0.0,0.02079147845506668,32.0
pip,1080.0000000003636,9.021927626624752,5.336668105758279,0.05389746199476258,0.0,0.010848171077668667,32.0
pip,1080.5000000003745,9.022326226565555,5.337112765998511,0.054066653343659635,0.0,0.011553010903298855,32.0
pip,1081.0000000003854,9.022009063495924,5.336670464384389,0.05416789798828723,0.0,0.008233947679400444,32.0
pip,1081.5000000003963,9.022050287350824,5.336753210294604,0.05427605331318561,0.0,0.022215159609913826,32.0
pip,1082.0000000004072,9.028542080008721,5.346168398526618,0.056928872813193525,0.0,0.020408498123288155,32.0
pip,1082.5000000004181,9.032276804664036,5.351811698221963,0.054531631913863246,0.0,0.01313762180507183,32.0
pip,1083.000000000429,9.031726003085769,5.351274490211196,0.05456148664119712,0.0,0.010113394819200039,32.0
pip,1083.50000000044,9.031872045907148,5.351468015112006,0.05428647264475372,0.0,0.012790090404450893,32.0
pip,1084.0000000004509,9.033989209609036,5.35476000225121,0.054435706455582926,0.0,0.015583774074912071,32.0
pip,1084.5000000004618,9.034180153037273,5.3544402086899305,0.0543320727467778,0.0,0.02104646898806095,32.0
pip,1085.0000000004727,9.032867478835334,5.351877731597513,0.05516356950866384,0.0,0.010153164155781269,32.0
pip,1085.5000000004836,9.03273913919856,5.345217670569489,0.05415402393967876,0.0,0.010749761015176773,32.0
pip,1086.0000000004945,9.029541647053732,5.360084730190861,0.052823296558796515,0.0,0.010123290121555328,32.0
pip,1086.5000000005055,9.023117141626953,5.387120408220961,0.054490508557876974,0.0,0.0150639358907938,32.0
pip,1087.0000000005164,9.023307404480203,5.386205404974808,0.05448358865508348,0.0,0.021786175668239594,32.0
pip,1087.5000000005273,9.023417662852385,5.385501569854548,0.054444978706017125,0.0,0.019812198355793953,32.0
pip,1088.0000000005382,9.023787842722273,5.383248794301398,0.05475826599731633,0.0,0.019207727164030075,32.0
pip,1088.500000000549,9.02369391467291,5.3839101058968275,0.05427648319894205,0.0,0.02032518945634365,32.0
pip,1089.00000000056,9.023795425127961,5.383003745356811,0.0544555713825481,0.0,0.021595334634184837,32.0
pip,1089.500000000571,9.02309972040659,5.386240009587173,0.05470595615045357,0.0,0.011843178421258926,32.0
pip,1090.0000000005818,9.023114553990228,5.386311601273349,0.054417428705325316,0.0,0.008186643943190575,32.0
pip,1090.5000000005928,9.023096493377603,5.3861163584530605,0.05430124751870576,0.0,0.011386514641344547,32.0
pip,1091.0000000006037,9.023024463180185,5.3867589494469845,0.05445214939486364,0.0,0.021492943167686462,32.0
pip,1091.5000000006146,9.022917722012897,5.386312366481687,0.05454099388181927,0.0,0.01970002055168152,32.0
pip,1092.0000000006255,9.023158769338592,5.385433880727578,0.05458438718364506,0.0,0.021273810416460037,32.0
pip,1092.5000000006364,9.022701996388818,5.384984852458282,0.054691106754840686,0.0,0.02241523377597332,32.0
pip,1093.0000000006473,9.023550299114989,5.383190642113611,0.05427322180619102,0.0,0.018188776448369026,32.0
pip,1093.5000000006582,9.022591712860862,5.385040767169023,0.054502707498209776,0.0,0.01192201767116785,32.0
pip,1094.0000000006692,9.020213396543369,5.389683616638378,0.05563175726937287,0.0,0.0071501038037240505,32.0
pip,1094.50000000068,9.018406309012873,5.39270807680323,0.05430543031878192,0.0,0.014274503104388714,32.0
pip,1095.000000000691,9.020549292668905,5.390129771919329,0.054584510692812366,0.0,0.013063189573585987,32.0
pip,1095.500000000702,9.022096377107111,5.387920230642733,0.05625439009330713,0.0,0.01841280423104763,32.0
pip,1096.0000000007128,9.017329057803675,5.393086893835655,0.054195311051399214,0.0,0.020821860060095787,32.0
pip,1096.5000000007237,9.011457385919737,5.39664884127422,0.0551671237067173,0.0,0.014458417892456055,32.0
pip,1097.0000000007346,9.001493207251528,5.402373566857866,0.05317626053346501,0.0,0.013118653558194637,32.0
pip,1097.5000000007456,8.995604609341195,5.4060760371956125,0.05470819513561142,0.0,0.01726778969168663,32.0
pip,1098.0000000007565,8.989839395252343,5.407088314668423,0.05390258285325257,0.0,0.015481381677091122,32.0
pip,1098.5000000007674,8.990806865180604,5.406879131332721,0.05653964733940661,0.0,0.016719717532396317,32.0
pip,1099.0000000007783,8.989266627307481,5.406928689650919,0.05435790063862306,0.0,0.017003782093524933,32.0
pip,1099.5000000007892,8.988564231289876,5.406774656083636,0.0549865473718076,0.0,0.017389187589287758,32.0
pip,1100.0000000008001,8.982727919313257,5.407248428767785,0.05362872036557281,0.0,0.01718180626630783,32.0
pip,1100.500000000811,8.9829137180331,5.4063550466408445,0.05424321675385612,0.0,0.017245424911379814,32.0
pip,1101.000000000822,8.984229906712146,5.405715858248771,0.054300764051484346,0.0,0.014715014025568962,32.0
pip,1101.5000000008329,8.984115950470187,5.405817233752616,0.054172726070313315,0.0,0.01450325082987547,32.0
pip,1102.0000000008438,8.983014510764045,5.406591272640023,0.054009717283399324,0.0,0.011722289957106113,32.0
pip,1102.5000000008547,8.98530237864838,5.404981520473353,0.054724141947968735,0.0,0.01886441744863987,32.0
pip,1103.0000000008656,8.985080129757337,5.404464577329878,0.05445840067006181,0.0,0.015164135955274105,32.0
pip,1103.5000000008765,8.984669777999699,5.404542048084268,0.05440080227997328,0.0,0.012896223925054073,32.0
pip,1104.0000000008874,8.984629735072883,5.404410628185969,0.05445609689319966,0.0,0.012124794535338879,32.0
pip,1104.5000000008984,8.982085968645384,5.406199372181322,0.054763274880629466,0.0,0.013557899743318558,32.0
pip,1105.0000000009093,8.982781467106115,5.404932546479968,0.05428785718653282,0.0,0.010591723024845123,32.0
pip,1105.5000000009202,8.982159350468363,5.405419040932627,0.05678307549067345,0.0,0.009914834052324295,32.0
pip,1106.000000000931,8.98450739447079,5.390362925848495,0.056680401182914196,0.0,0.014712107367813587,32.0
pip,1106.500000000942,8.984647685754842,5.380654340566432,0.0546296638896064,0.0,0.01141668576747179,32.0
pip,1107.000000000953,8.984803615493862,5.380086681799139,0.054382580527940046,0.0,0.011303894221782684,32.0
pip,1107.5000000009638,8.985030965021522,5.380772905212058,0.05439813644527423,0.0,0.013831954449415207,32.0
pip,1108.0000000009748,8.984959300466281,5.380594457791471,0.054463495862788515,0.0,0.012314783409237862,32.0
pip,1108.5000000009857,8.98528749179386,5.381831706689842,0.05474079343408637,0.0,0.017085881903767586,32.0
pip,1109.0000000009966,8.986284292135528,5.385628414109676,0.05480273782013262,0.0,0.01281178928911686,32.0
pip,1109.5000000010075,9.000072191855633,5.399585675242208,0.06043078258264666,0.0,0.009344648569822311,32.0
pip,1110.0000000010184,8.998139644770776,5.400407014096325,0.05527660296768332,0.0,0.012854629196226597,32.0
pip,1110.5000000010293,8.997311175541407,5.40175139787273,0.05444093010190057,0.0,0.010378771461546421,32.0
pip,1111.0000000010402,8.997043003682181,5.401697711792006,0.05423569409592294,0.0,0.010384917259216309,32.0
pip,1111.5000000010511,8.996897253046221,5.402061216132927,0.054432196137693074,0.0,0.013177079148590565,32.0
pip,1112.000000001062,8.99551663938376,5.399111107682534,0.05504928433844669,0.0,0.01377931796014309,32.0
pip,1112.500000001073,8.99833469586169,5.40569812897105,0.05530853987967861,0.0,0.01041835080832243,32.0
pip,1113.000000001084,8.99796047500184,5.406148849680367,0.05442513073973449,0.0,0.01271865889430046,32.0
pip,1113.5000000010948,8.998750939696205,5.409288456009576,0.05483818000256117,0.0,0.01164618507027626,32.0
pip,1114.0000000011057,9.008529388977173,5.422571583772327,0.05081880615176575,0.0,0.013272774405777454,32.0
pip,1114.5000000011166,9.017149608018208,5.432536222086247,0.054603560511067406,0.0,0.014222810976207256,32.0
pip,1115.0000000011275,9.019966717894981,5.4348796133480715,0.05515200751471038,0.0,0.010479832999408245,32.0
pip,1115.5000000011385,9.01747658606277,5.432057411833109,0.05436852401074839,0.0,0.011886410415172577,32.0
pip,1116.0000000011494,9.01741708668629,5.4314660960725325,0.05439557268932934,0.0,0.013005375862121582,32.0
pip,1116.5000000011603,9.018163861225924,5.432228023907257,0.05440191788295015,0.0,0.01235148310661316,32.0
pip,1117.0000000011712,9.0185107724338,5.432507309767746,0.05480478155379352,0.0,0.014049552381038666,32.0
pip,1117.5000000011821,9.017783069908663,5.432078042608969,0.05450845688239935,0.0,0.013227048330008984,32.0
pip,1118.000000001193,9.015870847741038,5.429323006346194,0.054886182249117635,0.0,0.012287598103284836,32.0
pip,1118.500000001204,9.017335510656201,5.431701166545001,0.0544084020992457,0.0,0.016953811049461365,32.0
pip,1119.0000000012149,9.016814330270272,5.431035217746412,0.05426982011024959,0.0,0.013475808314979076,32.0
pip,1119.5000000012258,9.016651681615711,5.430828024890902,0.054351980171071804,0.0,0.014401919208467007,32.0
pip,1120.0000000012367,9.017028998446884,5.431499728823836,0.05424596936309283,0.0,0.017167773097753525,32.0
pip,1120.5000000012476,9.017418058714702,5.43226335724125,0.054335062440831375,0.0,0.011934776790440083,32.0
pip,1121.0000000012585,9.017550236690358,5.432568171467921,0.05418726139687562,0.0,0.008798106573522091,32.0
pip,1121.5000000012694,9.017794919113975,5.43305820903519,0.05415898449151881,0.0,0.01140150148421526,32.0
pip,1122.0000000012803,9.01781832017884,5.432842380707664,0.05449687184938364,0.0,0.010093319229781628,32.0
pip,1122.5000000012913,9.017362354220488,5.431391108820494,0.05471812463256572,0.0,0.010384436696767807,32.0
pip,1123.0000000013022,9.016825457632573,5.429744716935396,0.054564689113251456,0.0,0.012426687404513359,32.0
pip,1123.500000001313,9.016843169481797,5.430582161617606,0.05452182448237266,0.0,0.012919782660901546,32.0
pip,1124.000000001324,9.01720110602837,5.430958281775556,0.054597656912264925,0.0,0.010161030106246471,32.0
pip,1124.500000001335,9.01834600640739,5.448150904219141,0.06312495714996699,0.0,0.013087722472846508,32.0
pip,1125.0000000013458,9.011706756680857,5.476610505290542,0.06380486998009498,0.0,0.012858630158007145,32.0
pip,1125.5000000013567,9.005082168901463,5.495362068365576,0.05497319237056551,0.0,0.014004562050104141,32.0
pip,1126.0000000013677,9.00697757364097,5.495015751785899,0.05485630538205877,0.0,0.02195865847170353,32.0
pip,1126.5000000013786,9.006903906857884,5.495116632669035,0.05469058403794596,0.0,0.02201625518500805,32.0
pip,1127.0000000013895,9.010176850775446,5.493015543865296,0.053681540549563124,0.0,0.022222528234124184,32.0
pip,1127.5000000014004,9.005057022352668,5.496971324343928,0.054851440600718254,0.0,0.012751506641507149,32.0
pip,1128.0000000014113,9.002950304203743,5.49970539569595,0.05491730423615381,0.0,0.016896234825253487,32.0
pip,1128.5000000014222,9.003363634142984,5.4998371039031735,0.05453923488622008,0.0,0.014810096472501755,32.0
pip,1129.0000000014331,9.00243105798354,5.499730350822632,0.05621617173204823,0.0,0.01929035596549511,32.0
pip,1129.500000001444,8.998094890210224,5.500520877992215,0.05450955503235955,0.0,0.02048758789896965,32.0
pip,1130.000000001455,8.997721413207868,5.500530951307332,0.05440735612535968,0.0,0.016760841012001038,32.0
pip,1130.5000000014659,8.998680890035113,5.500461836748598,0.05480329180041037,0.0,0.018192635849118233,32.0
pip,1131.0000000014768,9.003716081192017,5.50151001934343,0.054502018049339726,0.0,0.017268046736717224,32.0
pip,1131.5000000014877,9.003276928164889,5.5013697922125955,0.05440140798996178,0.0,0.017365315929055214,32.0
pip,1132.0000000014986,8.999025667540336,5.501936558567287,0.0552892910324536,0.0,0.01648540049791336,32.0
pip,1132.5000000015095,8.997888344542446,5.502205328001645,0.05438282091801016,0.0,0.017584670335054398,32.0
pip,1133.0000000015204,9.002053872545206,5.503942373346318,0.055291510555208284,0.0,0.019228355959057808,32.0
pip,1133.5000000015314,9.005675854576456,5.5053126944525435,0.05519183516639128,0.0,0.01959601417183876,32.0
pip,1134.0000000015423,9.000638043814556,5.503564672081236,0.05437933129178931,0.0,0.017693784087896347,32.0
pip,1134.5000000015532,9.000473213253477,5.503402941608824,0.05425081172902026,0.0,0.02066682279109955,32.0
pip,1135.000000001564,8.999072648683978,5.502967717386696,0.054516994245837475,0.0,0.020183509215712547,32.0
pip,1135.500000001575,8.998645334245369,5.502823270805048,0.05504496245369331,0.0,0.018658218905329704,32.0
pip,1136.000000001586,9.001985052923668,5.5038928876553666,0.055023628719396825,0.0,0.02273210883140564,32.0
pip,1136.5000000015968,8.996817160452338,5.501350004539998,0.05457582562048458,0.0,0.01900438964366913,32.0
pip,1137.0000000016078,9.006221405873301,5.504131342272857,0.05843987933288452,0.0,0.016971983015537262,32.0
pip,1137.5000000016187,9.00351318410653,5.503141884975083,0.05380581397996811,0.0,0.017186064273118973,32.0
pip,1138.0000000016296,8.980760538887942,5.498305748875764,0.05343131586133763,0.0,0.018714040517807007,32.0
pip,1138.5000000016405,8.98004790524553,5.498193965734539,0.05452266659082474,0.0,0.019623268395662308,32.0
pip,1139.0000000016514,8.980565905385633,5.498457328991424,0.054501511540180236,0.0,0.020388655364513397,32.0
pip,1139.5000000016623,8.979547482182017,5.498060710910998,0.054132037217753434,0.0,0.020171843469142914,32.0
pip,1140.0000000016732,8.97974707005426,5.49820384870958,0.05419217152599674,0.0,0.019758831709623337,32.0
pip,1140.5000000016842,8.980079089543798,5.498365056088996,0.05442518942049458,0.0,0.019892292097210884,32.0
pip,1141.000000001695,8.98000718575534,5.4983086038772475,0.05469011819340164,0.0,0.017840173095464706,32.0
pip,1141.500000001706,8.989816539795248,5.5045254717153655,0.05547527313052201,0.0,0.021537307649850845,32.0
pip,1142.000000001717,8.988435676966356,5.5027638589260865,0.05436608407232066,0.0,0.021155977621674538,32.0
pip,1142.5000000017278,8.989022346913618,5.503315165238255,0.054326783026539156,0.0,0.020573120564222336,32.0
pip,1143.0000000017387,8.987484811647793,5.50197389426174,0.05429157550109712,0.0,0.01804126240313053,32.0
pip,1143.5000000017496,8.987793554914958,5.5021371458741495,0.054305560683847676,0.0,0.02063455432653427,32.0
pip,1144.0000000017606,8.99359190488921,5.507173472053405,0.05428031268811004,0.0,0.022106077522039413,32.0
pip,1144.5000000017715,8.99638809988673,5.509545641448807,0.05452506184815242,0.0,0.01810004934668541,32.0
pip,1145.0000000017824,8.995139025669934,5.509020930404737,0.054257554679753225,0.0,0.019865838810801506,32.0
pip,1145.5000000017933,8.995376005425994,5.509141741119541,0.05424628686026562,0.0,0.020008789375424385,32.0
pip,1146.0000000018042,8.994179181240003,5.508545572528557,0.05439311841088608,0.0,0.019859403371810913,32.0
pip,1146.5000000018151,8.994435187231097,5.508689865872432,0.05434506317758026,0.0,0.020015111193060875,32.0
pip,1147.000000001826,8.991699004513212,5.50768108799633,0.05639476462683474,0.0,0.019703693687915802,32.0
pip,1147.500000001837,8.99237113833304,5.510402211433613,0.05769221550475484,0.0,0.017943592742085457,32.0
pip,1148.0000000018479,8.992418187014126,5.508701079437554,0.055358174125417194,0.0,0.02153581567108631,32.0
pip,1148.5000000018588,8.992702407284087,5.510227854913531,0.0544134302047162,0.0,0.022162139415740967,32.0
pip,1149.0000000018697,8.99382888694812,5.516361619531639,0.05436528937853766,0.0,0.02191612310707569,32.0
pip,1149.5000000018806,8.99333724630929,5.515036880697316,0.054517751485127046,0.0,0.018454808741807938,32.0
pip,1150.0000000018915,8.99461504414599,5.5181614321260914,0.054191174823047764,0.0,0.01828727126121521,32.0
pip,1150.5000000019024,8.995022197955945,5.519327968553377,0.054364776608678236,0.0,0.02036922238767147,32.0
pip,1151.0000000019133,8.995111713467496,5.519080994841794,0.054124474462136626,0.0,0.021475575864315033,32.0
pip,1151.5000000019243,8.995236304062916,5.520231598160788,0.054390195317627656,0.0,0.02145102247595787,32.0
pip,1152.0000000019352,8.99464914313969,5.527102467354325,0.05337298723627449,0.0,0.021379860118031502,32.0
pip,1152.500000001946,8.993562494631114,5.555218459704291,0.05960832479155392,0.0,0.02189217135310173,32.0
pip,1153.000000001957,8.99356194432334,5.577027341595529,0.06063897277536868,0.0,0.018164146691560745,32.0
pip,1153.500000001968,8.989380690676812,5.583944629597418,0.05964857570863954,0.0,0.01698625087738037,32.0
pip,1154.0000000019788,8.983589501231911,5.589396075154474,0.054443165431949506,0.0,0.017833061516284943,32.0
pip,1154.5000000019897,8.98338748865619,5.5893400064744805,0.05445226900064968,0.0,0.01620630919933319,32.0
pip,1155.0000000020007,8.996133015953497,5.5870680909685655,0.055421372613186824,0.0,0.016588307917118073,32.0
pip,1155.5000000020116,9.007680114862874,5.585347443376287,0.053904777680359076,0.0,0.017706627026200294,32.0
pip,1156.0000000020225,9.02523643193143,5.582022810588055,0.05650777833228805,0.0,0.017137853428721428,32.0
pip,1156.5000000020334,9.035762293968988,5.582013002809206,0.05507726512766105,0.0,0.012838048860430717,32.0
pip,1157.0000000020443,9.046484233787979,5.576485358942918,0.05538780365590423,0.0,0.017519289627671242,32.0
pip,1157.5000000020552,9.050904098750138,5.572080206651314,0.05493522586121406,0.0,0.01777842454612255,32.0
pip,1158.0000000020661,9.050227676137958,5.571126622562283,0.054185485162433135,0.0,0.01403874158859253,32.0
pip,1158.500000002077,9.04524603292018,5.571439033054793,0.054970847950316426,0.0,0.017272964119911194,32.0
pip,1159.000000002088,9.045776942530571,5.57176619465337,0.054573464317482924,0.0,0.014210044406354427,32.0
pip,1159.500000002099,9.033857345224995,5.571084351736006,0.05599606209978538,0.0,0.018036000430583954,32.0
pip,1160.0000000021098,9.02297921354871,5.566951624230179,0.0543907623737863,0.0,0.02269821986556053,32.0
pip,1160.5000000021207,9.023697743812802,5.567357635331071,0.05424788167640318,0.0,0.02113516442477703,32.0
pip,1161.0000000021316,9.026977675708194,5.570266767527252,0.05500637808721952,0.0,0.018032696098089218,32.0
pip,1161.5000000021425,9.037610991764316,5.5812832915234445,0.0538518044532856,0.0,0.02270509861409664,32.0
pip,1162.0000000021535,9.055743938238766,5.600693709506904,0.0553342249497502,0.0,0.021968776360154152,32.0
pip,1162.5000000021644,9.054180179245927,5.5993274660085905,0.05467481323815251,0.0,0.011631270870566368,32.0
pip,1163.0000000021753,9.051915119697759,5.595502345042614,0.055756398527749704,0.0,0.008400018326938152,32.0
pip,1163.5000000021862,9.047932233167115,5.588424170301667,0.05719882701381598,0.0,0.008068699389696121,32.0
pip,1164.000000002197,9.046550059915095,5.587882419496963,0.05497227939561124,0.0,0.008644592948257923,32.0
pip,1164.500000002208,9.048015623259031,5.589448271501993,0.054412294609450414,0.0,0.011012807488441467,32.0
pip,1165.000000002219,9.048830461376733,5.590228003473816,0.054336816750366515,0.0,0.01152919139713049,32.0
pip,1165.5000000022299,9.04843047166106,5.5899091735433855,0.05431411330846766,0.0,0.012669209390878677,32.0
pip,1166.0000000022408,9.046654526284112,5.587999093938167,0.05472674982256295,0.0,0.012480728328227997,32.0
pip,1166.5000000022517,9.047949417030242,5.589672793022991,0.054191701258073516,0.0,0.007929213345050812,32.0
pip,1167.0000000022626,9.047653866662175,5.589417269928798,0.05425700321279545,0.0,0.01290346123278141,32.0
pip,1167.5000000022735,9.047595069598422,5.5893913536831015,0.054151988759736945,0.0,0.012304349802434444,32.0
pip,1168.0000000022844,9.047647173601646,5.589491619839932,0.05389034249985452,0.0,0.012737794779241085,32.0
pip,1168.5000000022953,9.047906634518677,5.589952402800833,0.05420583596053952,0.0,0.012830646708607674,32.0
pip,1169.0000000023063,9.047962668311646,5.590043237359359,0.0544308952879575,0.0,0.012500292621552944,32.0
pip,1169.5000000023172,9.048078420278308,5.5902213840808574,0.05441525232142772,0.0,0.014774007722735405,32.0
pip,1170.000000002328,9.052517424783103,5.59613715140167,0.054727035224217326,0.0,0.013684549368917942,32.0
pip,1170.500000002339,9.062900208544136,5.603461129158014,0.05560990281759166,0.0,0.012310709804296494,32.0
pip,1171.00000000235,9.060307557993621,5.60326914927701,0.05479556377610968,0.0,0.013568744994699955,32.0
pip,1171.5000000023608,9.04187161371288,5.596078393127781,0.06357683203514224,0.0,0.01322161965072155,32.0
pip,1172.0000000023717,9.024463843976907,5.590287690718972,0.06900718320992753,0.0,0.019219398498535156,32.0
pip,1172.5000000023826,9.021283152914492,5.589023273844111,0.05903004532717378,0.0,0.022067783400416374,32.0
pip,1173.0000000023936,9.012268234994961,5.585414385379077,0.0546376085846565,0.0,0.010954906232655048,32.0
pip,1173.5000000024045,9.01269275594709,5.586549427331303,0.054335115897852046,0.0,0.011738533154129982,32.0
pip,1174.0000000024154,9.01654860598448,5.593306390338161,0.0552217622798901,0.0,0.01033433061093092,32.0
pip,1174.5000000024263,9.016666346901788,5.591215719865455,0.055212547651031216,0.0,0.019098086282610893,32.0
pip,1175.0000000024372,9.016616674217385,5.592128395068175,0.054367062582249076,0.0,0.02255757339298725,32.0
pip,1175.5000000024481,9.016629849382337,5.591954295404707,0.05416624450342735,0.0,0.01618940755724907,32.0
pip,1176.000000002459,9.016626825026952,5.592493663026327,0.05425754619567837,0.0,0.01213665958493948,32.0
pip,1176.50000000247,9.016634786599127,5.592613746420072,0.05447319282320155,0.0,0.013577786274254322,32.0
pip,1177.0000000024809,9.016463614532128,5.595509912143912,0.054680221428449784,0.0,0.013282697647809982,32.0
pip,1177.5000000024918,9.01584806319945,5.597019294875995,0.055026798470075196,0.0,0.009791843593120575,32.0
pip,1178.0000000025027,9.015615621401125,5.58912599204613,0.06011335508400193,0.0,0.010345276445150375,32.0
pip,1178.5000000025136,9.016517387340494,5.572692263824485,0.059253661583389544,0.0,0.014904552139341831,32.0
pip,1179.0000000025245,9.01860397226379,5.560447732880681,0.05473992603605006,0.0,0.01121482253074646,32.0
pip,1179.5000000025354,9.018159744014794,5.562176720386908,0.05449935190408388,0.0,0.008109772577881813,32.0
pip,1180.0000000025464,9.017800372215712,5.5629486256291605,0.05465546464865506,0.0,0.008236178196966648,32.0
pip,1180.5000000025573,9.018365321002554,5.5655407900859055,0.05447189380291698,0.0,0.013443966396152973,32.0
pip,1181.0000000025682,9.020277614768926,5.564197741337031,0.054956598591694376,0.0,0.01402654591947794,32.0
pip,1181.500000002579,9.026309764188323,5.560078181443598,0.06274667937907917,0.0,0.01702883094549179,32.0
pip,1182.00000000259,9.05062327328915,5.552315786049217,0.07150137539182617,0.0,0.017011478543281555,32.0
pip,1182.500000002601,9.083659975395381,5.54753325488768,0.053725329894183854,0.0,0.017702920362353325,32.0
pip,1183.0000000026118,9.106945678484557,5.545917791638122,0.05291000271231976,0.0,0.018201280385255814,32.0
pip,1183.5000000026228,9.147823021214002,5.542078950356333,0.05806933623709316,0.0,0.020318996161222458,32.0
